#青少年防沉迷系统#,,,,
username,comment,interact,date,likes
条件男友,救救网站多管孩子吧,共64条回复,5-28 10:55,3140
兔玖Nim,我就问能不能管管充了VIP还有广告的事情,共71条回复,5-28 10:56,2178
Irene-始知相忆深,为啥不给成年人也来个成年人模式,共31条回复,5-28 11:01,1748
锦鲤小哥,刚刚发现微博也有青少年模式了,共25条回复,5-28 10:55,742
一个超酷得文科生,我希望彻底打击针对少年儿童的游戏主播，满嘴污言秽语，这个行业就不应该存在,共66条回复,5-28 10:55,545
今天吃啥bot,感觉没用啊，小孩子想要还是玩的到的。。。,共42条回复,5-28 10:55,474
蒙娜丽莎摄影总店,监管是一方面，最主要还是要看家长的引导,共9条回复,5-28 10:55,355
洪世贤,还是觉得出了模式没啥用,共12条回复,5-28 10:55,227
高个子联谊全国3,什么都赖软件，赖别人，其实挺搞不懂现在的家长的，恕我直言，别什么都赖外在因素，找找自身原因，难不成以后所有东西都关闭了才好么？,共6条回复,5-28 11:27,298
佛系佛系的柠檬,除非实名认证了才可以打开APP，不然照样可以玩,共6条回复,5-28 10:56,112
克莉芙兰_响歌,怎么才能分辨出我不是未成年呢,共12条回复,5-28 10:55,83
高个子联谊全国3,能不能直接分级？可以解决好多事情。你们就是为了自己的利益不顾大众的合理诉求呗,共3条回复,5-28 11:26,96
让每个人穿的起我们,这届小学生已经被海陆空全面包围了,null,5-28 10:56,76
公益宝,六一儿童节也没什么好礼物送，送各位小朋友们一套防沉迷系统吧！,共1条回复,5-28 11:04,88
高个子联谊全国3,成人沉迷就不管了吗？救救我,共2条回复,5-28 11:26,40
不拈花我只惹草,话说 打算怎么指导[疑問],共2条回复,5-28 10:55,22
戏精扎卡,梨视频这种资讯短视频app都被管制了哪个未成年人能看新闻入迷了那就是真的未来国家栋梁了,共3条回复,5-28 11:41,40
游戏投稿箱,然而并没有什么用，还是有疑车,共1条回复,5-28 10:57,20
Sophia_mlz,成年人也沉迷～,null,5-28 10:57,12
baby630_279,这个政策是不错，但如何确实的遵行，更是落实后的重点,null,5-28 10:57,12
童年无忌Naivy,我觉得主要还是靠教育大人为主吧 大人自己都控制不住 怎么教孩子不沉迷？,null,5-28 11:00,14
萧萧雨歇冷清秋,支持,null,5-28 10:55,9
超多滴,很好,共2条回复,5-28 10:54,9
蔚蔚今天学习了吗,我觉得搞青少年防沉迷不如搞未成年孩子的家长防沉迷系统，家长手机被防沉迷了孩子就真的彻底没办法了求求你们放下手机管管孩子陪陪孩子吧，别让孩子出来祸害我们单身成年人了🙃,null,5-28 11:43,11
高个子联谊全国3,我认为还应该把这些所有平台结合起来，要不然的话每个平台玩一会儿，算下来还是沉迷,共2条回复,5-28 11:27,8
圈圈睡不醒呀,家长不要把自己的责任甩给社会甩给别人，包括我们自己，以后如果有了孩子，也要这样,共1条回复,5-28 11:22,6
宋小喵er,我这成人都用青少年模式了 是在控制不住记几...,null,5-28 10:56,6
爱吃大草莓哟,我感觉我也容易沉迷有时候停不下来,null,5-28 10:55,6
天天love凯心,三岁不到的侄女沉迷于小视频，不看不吃饭，好担心眼睛近视！🙏,共7条回复,5-28 11:07,8
刺猬驯养官,真心建议不要一刀切，儿童就要有儿童的限制，请不要为了儿童把成年人的东西全都禁止了好吧，能不能关心一下成年人的需求啊，我好不容易长大了，全都给我删了禁了,null,5-28 11:47,10
不努力我就吃屎,可不可以分级啊，电影分级，买电影票的时候需要身份证验证这样，然后不在播放器上上映可以吗。,null,5-28 11:23,6
有朝一日游天边诸神跪在我身边,短视频app是真的该推行,null,5-28 10:56,7
洧點槑媣,没有弹幕就过分了啊,null,6-4 01:23,3
少先队长茜品品,连微博都有了,null,5-28 11:02,3
珊珊江,支持,null,5-28 10:55,3
沄汐Fine,央央，哔哩哔哩是我的快乐源泉,null,5-28 11:10,6
静定观心,必须严查 严惩 黄赌毒,null,5-28 10:56,4
DJ1213,主要是怎么分辨是不是青少年？身份证的话，这个真不是很有用，用家长身份证的，网上买身份证号的，这个怎么有效监管？还是想网络文学一样一棒子打死？,共2条回复,5-28 10:57,5
小孩儿的米粒,支持,null,5-28 10:57,2
张雪婕AiL,什么都赖软件，赖别人，其实挺搞不懂现在的家长的，恕我直言，别什么都赖外在因素，找找自身原因，难不成以后所有东西都关闭了才好么？,null,5-28 11:23,8
nini鸭_,游戏搞了防沉迷还不行？？？？求求你分级吧 我们这些还差几个月成年的人还要遭受防沉迷,null,5-28 11:18,6
游加贺,讲真这些app一个都没装。还是台式机好用 不然永远只能用手机打一些傻网游,null,5-28 11:07,4
目玉烧饭团团团,？你怎么确定在用软件的是青少年？？实名吗？实名也会有孩子借大人的账号啊？？？有什么意义呢？,null,5-28 12:29,3
Raina-lxy,好棒👍,null,5-28 10:55,2
暗香泄露,不让人好好过节啦,null,5-28 10:55,2
渣男侦探所,很好,null,5-28 10:54,2
华晨宇最胖的ET,可以,null,5-28 10:54,2
汝家小仙女吖,干得漂亮！,null,5-28 10:54,2
出谷忧兰,多播放一些爱国体材的电影电视记录片，从小要让孩子真正爱国爱党，孩子参加少先队员佩戴红领巾仪式，做为一名家长我深深的感到，对大部分孩子来讲只是种仪式而非一种光荣，小学教育很不到位，希望国家重视小学生的爱国教育(切莫形式主义)@人民日报 @央视新闻,共1条回复,5-28 11:13,4
慕屿桐,？？？,null,5-28 10:54,1
搞毛二哥的庇佑,acfun这次有牌面了,null,5-28 11:37,3
MZ王萌哲,还是看家长的，我们小时候唯一的电子娱乐活动就是看电视，当时不懂事，不让看也是哭闹。家长就把电视遥控器放起来。或者强制把电视关机。当时虽然不理解，但家长管理强硬一些是真的有用。毕竟当时的电视和现在的软件网站是无意识。,null,5-28 11:35,3
偏渴望你懂Y,还好我成年了哈哈哈哈哈哈哈哈哈哈哈哈哈哈哈哈哈哈哈哈哈哈哈哈哈哈哈哈哈哈哈哈哈哈哈哈哈哈哈哈哈哈哈哈哈哈哈哈哈哈哈哈哈哈哈哈哈哈哈哈哈哈哈哈,null,5-28 11:28,2
TI_China,为什么什么都还没弄，直接就认证青少年模式了？@央视新闻,共1条回复,5-29 16:56,1
云墨斋国画,然而并没有什么卵用,null,5-28 14:06,2
Darling_xixi18,下有对策,null,5-28 13:28,2
咖啡丶饼干,那不就是多申请几个帐号的事嘛，,null,5-28 13:06,3
透明的爱,鬼舞步 我也是醉醉的 好不好看 心里没点bi数吗,null,5-28 12:28,1
小灵芝婴,救救孩子吧！我不想颓废,null,5-28 12:25,2
-SUN-8,国家网信办：网络视频平台全面推行青少年防沉迷系统,null,5-28 11:49,1
爱云南的天空,微博上卖色情信息的点赞号了解一下。,null,5-28 11:44,4
黑胡椒控炒鸡脑洞侠,没有用,null,5-28 11:42,1
Freedom_藝耀,只要不看快手，别的都还好，快手乃中国乡村土鳖脑残集中营,共2条回复,5-28 11:33,2
1twitter,vip还有广告，请管一下,null,5-28 11:32,1
宝晨宝晨宝,有没有防成年人沉迷模式,null,5-28 11:19,2
Lucifer林雪涯,我不怕了，成年了,null,5-28 11:01,2
接下来我要艾特一条狗哦,我这个无趣的人啊，全没中。。。。。。。,null,5-28 10:57,2
红蓝没有橙,a站还活着呢,null,5-28 10:57,3
炸鸡要配冰阔乐,那会有成人模式吗,null,5-28 10:56,2
比孙红雷帅一点的oh,保障青少年儿童的健康成长才能保障祖国未来繁荣发展,null,5-28 10:56,2
希望妈妈每天都开心吖,他们小孩自己有手机的才不会设置,null,5-28 10:55,2
欧肥扬,六一不沉迷啥时候沉迷啊，清明节吗？,null,5-28 10:55,2
柯南隐身术,求求你们救救打游戏的吧，能不能出个游戏新规,null,5-28 11:23,2
MsBlanche,我说嘛，今天开这些软件全都有青少年漠视，不错不错，很好👏👏👏👏,null,5-28 11:52,1
chen16649,没用，这个要靠小孩自觉，你再怎么限制，也限制不了人心。比如我表弟，你不让他玩手机，他宁愿在床上躺着，也不愿意花十分钟看点书,null,5-28 11:42,2
我已经疯球辽,防沉迷不够直接让他们不能玩吧 自己不能谈恋爱连看人谈恋爱都受限制,null,5-28 11:39,2
广电还我小金木,光搞防沉迷，分级什么时候上？？？？,null,5-28 11:36,1
老仙女陆小姐,现在孩子的管理都是社会的责任了，父母没啥事了，孩子一犯错，个别父母就怪社会的没管好，我看要是属于教育管理孩子是社会的责任这类的父母麻烦你们不要生孩子了,null,5-28 11:31,1
Louvred,为什么不分级？,null,5-28 11:29,1
听雪予红尘,分级分级分级，救救成年人吧,null,5-28 11:24,
丿一只灬毛球,还是作业太少了，加大力度，谢谢,null,5-28 11:21,1
Vincialign达芬奇,现在已经不光是黄色的东西毒害青少年，那些土味视频的毒性的也很强！,null,5-28 11:09,2
80岁的女生,色情的太多了,共2条回复,5-28 10:58,2
改个名怎么那么难QAQ,咋的，今年连A站都查了,null,5-28 19:19,2
ion_cannon_syc,绿坝呗，这种事情是家长的责任，家长管不住给了政府部门扩权的借口,共3条回复,5-28 11:28,4
糖醋排骨不要排骨-,所以这就是给我们关弹幕的原因吗,null,6-3 23:52,1
蔡律师6,动漫低俗露骨，禁了吧。韩剧恋爱学坏，禁了吧。新闻真实灰暗，禁了吧。小说沉迷虚幻，禁了吧。喜剧不务正业，禁了吧。音乐华而不实，禁了吧。哦哦对了，你们的性别差异会让孩子对性好奇，阉了吧，缝上吧 A}s,null,6-3 09:43,2
幸许是这样,忽略更新,null,5-28 21:52,1
冥王黒翼喵,管管孩子，救救游戏，救救网站，救救网络,null,5-28 19:32,1
明日之后策划李哲,空气防沉迷指日可待,null,5-28 19:13,1
舞喵酱love,救救孩子吧。还有几个月成年的我很难受啊。。。,null,5-28 16:40,1
命鍾鉒顁纟,淫秽色情，血腥暴力真的该管，现在暴力事件频发和这些不无关系…就想在某站看点动漫一直给我推送低俗、擦边球的视频，简直莫名其妙…,null,5-28 14:35,1
时间的玫瑰18,给大家科普一个词汇:奶头乐，详见微博万恶的资本真相~,null,5-28 13:31,1
鱼鱿条一,太好了！管管我的小老弟吧！普天同庆,null,5-28 12:47,1
花中第一流·,闲的慌 央视,null,5-28 12:23,1
囝成,丧心病狂,null,5-28 12:15,1
昴汜3,绿坝2.0之为了你好威力加强版,null,5-28 11:55,1
sumako·药丸,刷身份证上网冲浪,null,5-28 11:53,1
热心市民杨羊羊,搞分级是不是特别难啊？,null,5-28 11:46,1
总感觉有些矫情,就快手，火山之流。。。我坚决不让儿子看，虽然有有益的，但更怕他随波逐流。小小思想，放不下大大的社会。,null,5-28 11:45,1
宇宙超级无敌小可爱之宁宁,全国都断网吧 别弄这个网络世界了,null,5-28 11:38,1
我永远喜欢安达恒爱姬,盗版猖獗的原因找到了,null,5-28 11:37,1
鹿初归,有时间搞这个能不能搞个分级，别啥啥都给我禁,null,5-28 11:33,3
侍晓禹,以后各大网站打开后看到的第一句话 就是“请问你是否年满18岁” 然后下面有两个选项 A是 B不是 可甭管你是否真的年满18岁 只有你点了“是” 连身份验证都不用了 直接就可以进去享受网络带给你的快乐了,null,5-28 11:29,1
新米提督o吉野,最终还得看家长。破解方法一大堆的。。就好像游戏防沉迷，用父母的身份证不就完了？有啥子用,共1条回复,5-28 11:29,1
凌娅公子,能理解分级后会有法律空白和新老观念冲突的无奈，但是不能接受丝毫不去尝试的行为,null,5-28 11:28,1
孤独远方日落,不知是好是坏，,null,5-28 11:24,1
其隹马牙Lee,下一步是不是控制手机使用时间？,null,5-28 11:16,1
完全是可以烧的Faze,家长的孩子网站管,null,5-28 11:11,1
Hiyori_做个善良的人呀,既然有青少年模式了，那能不能在审核的时候也分个级呢，青少年看青少年能看的，我们看自己的，不影响他们,null,5-28 11:06,2
热情的狼什么,老年人沉迷打麻将看电视该不该限制?,null,5-28 10:57,1
Dinosoar,成人呢？,共1条回复,5-28 10:54,1
环游是无趣至少-,你倒是分分级撒,null,5-28 17:12,1
冗长生命里有趣的_,自己生的孩子管不好怪网站,null,5-28 14:58,1
Nolre,青少年是多大,null,5-28 12:24,1
小梁子大纯子Jay,家长多管管孩子吧，我现在看个番都要被马吗,null,5-28 11:39,1
Gemini_AB,挺好的 顺便跪求全民K歌开一个老年防沉迷系统吧 真的我妈天天熬着夜地回复歌友 定个闹钟睡一俩小时马上就起来发歌 天天劝都没用,null,5-28 11:27,1
我真的是一个皇马球迷,国家推动的同时，也希望家长也用心管管孩子,null,5-28 11:02,1
Woolf-Aliya,app自律了，想办法让家长们也自律一下吧。现在的家长知道什么都让孩子看什么都让孩子玩，生下来就没什么担当,null,5-28 10:58,1
各种观光团荣誉成员,视频防沉迷……,null,5-28 10:55,1
魔法少女的日常-,成年人没人权是吧,null,6-2 23:27,
蝴蝶结-结,无语=_=,null,6-2 22:25,
cathy-zhou,没有用的！很多孩子用的是父母的信息去注册，怎么防？,null,5-29 17:01,
PhoebeandMonica,这……这是儿童节的礼物还是？？,null,5-29 15:03,
十年F,青少年的深度洗脑,null,5-29 09:45,
穆叶青青,最终目的究竟是希望青少年向好的方向发展，还是就只想封禁视频以达到文化管制的目的，我始终存疑。,null,5-29 00:55,
穆叶青青,为什么不利用这些平台发布有益青少年起到良好引导的视频呢？看，我们之间的观念跟想法就存在根本的不同，懒政一刀切，从来都不会做的更尽心，思维方式有问题，永远解决不了问题。,null,5-28 23:56,
聚一一益,一起关注转发，还有很多标题党、内容无意义的信息流平台也应该整顿一下了，如今日头条、百度信息流、趣头条等等，大量的充斥着一些低质量、低俗的内容，而且平台对于评论区的管理严重缺失，一些美女相关的视频评论区的留言不堪入目，评论内容低级下流@国家网信办举报中心,null,5-28 23:04,
云娘不瘦10斤不改名,那有没有成年人模式,null,5-28 22:35,
幽默2046,#视频平台青少年防沉迷系统#应该，对孩子眼睛非常不好，通过技术手段预防，同时加上家长的管理，预防近视。,null,5-28 19:54,
LaurenceJang,分级就完事,null,5-28 19:39,
长风即辰,你🐴 这回被我挫骨扬灰了死不了了,null,5-28 17:16,
鼐良有鹿,分个级救救成年人吧,null,5-28 17:10,
汤圆宵zoe,防沉迷系统虽然可能有一定效果，但仍存技术漏洞和监管盲区，需要继续完善,null,5-28 16:34,
评书喵,我讨厌vip专属广告，，，而且看视频还冷不防的出个广告。。。,null,5-28 15:41,
古月青见20,请再管一下大学生的手机,null,5-28 15:02,
思想录语,青少年模式，你怎么看？,null,5-28 14:50,
_wwwindy,家长只要自己的脸面，永远不会承认自己的问题。我觉得就不应该让未成年人接触手机，电脑也只能拿来查资料，不能让步,null,5-28 14:24,
空天砺剑,大人其实也沉迷,null,5-28 14:22,
赵小娟1021,监管是一方面，最主要还是要看家长的引导+1,null,5-28 14:03,
蓼的弃儿,今天上A站注意到了。。,null,5-28 13:58,
疯狂的菜羊,赶紧实名吧，然后孩子在玩就是家长责任了，救救网站,null,5-28 13:52,
守护全世界最好的RNGAY,这些要是有用也不知道要家长是干嘛的，摆的看呢？？？孩子沉迷怨人家软件的锅？？整天这个教育那个教育的，不知道教育到哪了？？？老是整些表面现象有个屁用,null,5-28 13:51,
文创客,支持，网络内容良莠不齐，依靠平台自身的自觉性肯定不行。,null,5-28 13:50,
一只猪兔兔,我就想要个分级，我不想看儿童的，儿童也别看成年人的，就这么简单。,null,5-28 13:47,
郫官小后生,宁愿弄这个都不搞分级考虑过成年人没,共4条回复,5-28 13:43,
柴米油盐酱醋茶y,支持,null,5-28 13:29,
氵木目_湘,能不能整合下资源，到底要开多少个vip才能合适,null,5-28 13:11,
一字马美少女,我也不知道我看什么，但就是一直看你微博停不下来,null,5-28 13:09,
木子-婷tingting,家长不管好，弄这些有什么用,null,5-28 12:57,
柒_青浅,我的经验告诉我：自己如果管不住自己啥系统都没用,null,5-28 12:56,
吉林政法声音,国家网信办：网络#视频平台青少年防沉迷系统#,null,5-28 12:47,
姬子姐姐,为什么不给成年人来一个成年人系统？？,null,5-28 12:45,
松菓籽,救救小破站吧,null,5-28 12:41,
孤男,这是国家送给广大儿童最好的六一节礼物啊！,null,5-28 12:41,
努力努力蘅芜阿-jx,优秀的,null,5-28 12:40,
未详地黑文,这个“六一”礼物有点大,null,5-28 12:40,
顺势而为乘势而动,求求网站多管管孩子吧,null,5-28 12:38,
Fennga,祝我弟六一快乐,null,5-28 12:37,
楚漓韵,防沉迷？实名认证拿父母身份证了解一下，身份证生成器了解一下，用父母手机玩了解一下，现在小孩子精明成什么样你想象不到，防得住就有鬼了……,null,5-28 12:37,
Uninstalled7,什么叫在六一儿童节来临之际哈哈哈哈哈哈哈哈看得我笑出了声,null,5-28 12:35,
爱笑的天空麻麻,转发微博,null,5-28 12:31,
失落叶子小参鹿,a站火辣～@AcFun弹幕视频网,null,5-28 12:26,
三行随笔,棒棒哒，此法不错呦,null,5-28 12:24,
可乐爱妹子,感觉成人一样需要防沉迷,null,5-28 12:23,
尘衣不浣,我小土妞托爸爸福上榜,null,5-28 12:18,
闯坑蛮大侠,如今游戏沉迷被规定为一种精神障碍。估计凡是能够引起人们沉迷其中，做出不可理喻，不正常的事情， 都应当引起重视。,null,5-28 12:18,
Stranit,希望王者荣耀也能上线此功能,null,5-28 12:11,
野泽秋刀鱼子酱,救救成年人,null,5-28 12:03,
林北北青Lin,建议来个成年人防沉迷吧！一看视频就看很久，管不住自己,null,5-28 12:01,
毛灿萌凡,还好我成年了,null,5-28 11:59,
玉路兮的鱼透透今天帅吗,成年人也需要,null,5-28 11:58,
知名娱乐博主,刚才打个游戏，这么多小学生，既然比我还厉害,共1条回复,5-28 11:58,
一只姓苏的仙女,哈哈,null,5-28 11:55,
-小可可可可可-,...让我们死宅怎么活,null,5-28 11:55,
梁世平-,无语……,null,5-28 11:54,
网易健康,国家网信办：网络视频平台全面推行青少年防沉迷系统,null,5-28 11:52,
谭谭谭谭谭谭谭谭谭谭谭谭谭谭啊,拯救我弟弟吧,null,5-28 11:52,
李嘉辉00,真希望资源整合一下，用不着为了看剧开一堆VIP,null,5-28 11:51,
原是我的意难平,家长的教育和引导才是重中之重，帮助的措施有了一部分了，再有什么别的家长不要怪游戏怪网络了,null,5-28 11:49,
啤酒花的眼睛里有星星,嗯，弄了青少年模式，能不能弄弄分级,null,5-28 11:49,
快来做我的舔狗,你觉得我在乎么？,null,5-28 11:45,
唐笙簫默,都该管管这些，短视频的，直播平台，为了钱，没有底线。低俗恶俗历史又在上演,null,5-28 11:42,
奶盐系_luddy,还好我成年了,null,5-28 11:42,
宛若清水--may,每个软件玩个半小时加起来也差不多,null,5-28 11:41,
雅丽呀,哈哈哈哈哈哈,null,5-28 11:40,
Hx要往前看,我觉得成年人也需要防沉迷系统,null,5-28 11:37,
杨郁旺_,王者荣耀我们舍友一打打一天恐怖啊,null,5-28 11:34,
晨枫Victory,支持真棒👍 👍,null,5-28 11:33,
贼秃磷,管管孩子救救成年人……,null,5-28 11:32,
质朴简单,,null,5-28 11:31,
DoloresJiu,哈哈哈哈哈哈哈哈！送给孩子们最好的礼物！！！,null,5-28 11:31,
心里有光放烟火,拥有身份证才能登录就可以遏制网瘾少年们！,null,5-28 11:30,
心里有光放烟火,不错！不错[加油],null,5-28 11:30,
4月1日的四月一日君寻,看人吧，有的家长还把自己的账号给小孩玩，或者把身份证号码给小孩注册账号，这种沉迷系统真的有用吗？,共1条回复,5-28 11:29,
晓月清风杨柳岸的呆子,好！,null,5-28 11:29,
花影媚儿,这防沉迷系统挺棒的，尽快落实起来，虽然说家长监管是一方面，但有了这个系统就更好了。,null,5-28 11:28,
是猪猪本猪呀,现在好多孩子沉迷于这些 是该克制克制,null,5-28 11:26,
我好像困了-,我设置了可以把那些广告小说屏蔽了吗,null,5-28 11:24,
长腿老头今天读书了吗,主要还是看家长的正确引导,null,5-28 11:22,
我是鲨鱼辣椒的弟弟,我一个二十多岁的人都管不住自己,null,5-28 11:22,
饕餮魍魉,或者弄一个小学生可以看，但是不能发言，不能发作品的模式,null,5-28 11:22,
Diana_G,今年重阳节能不能再上线个“老年防沉迷系统”。家中急需！,null,5-28 11:18,1
李静calm,电视机里有的节目，电脑里都有。电脑里有的娱乐项目，电视机里没有。,null,5-28 11:16,
沄汐Fine,啊啊啊，我已过了青年，逐渐走向老年，打扰了,null,5-28 11:15,
我们QS,淘宝来一个限制模式可以嘛,null,5-28 11:15,
舌尖的小剂量毒药,这个政策已经出了，剩下的真的就是看家庭和个人了,null,5-28 11:10,
手残不但画画还要玩游戏,我们也要成年人模式谢谢,null,5-28 11:07,
Youth·祁,嗷呜,null,5-28 11:07,
爱你yi生不孤单,不止上面列出的视频平台，还有斗鱼、虎牙这类直播平台，也加入防沉迷监管,null,5-28 11:06,1
Batwhere_卡嗓子喉宝,父母不管 手机软件帮忙管？,null,5-28 11:06,
LeeXuanLe,怎么能少了优酷,null,5-28 11:04,
今天我欧皇了么,真可怕，还好不是未成年,null,5-28 11:04,
hirooo_d,猛哦，敢情孩子的爹妈都不存在呢孤儿没人管要社会力量来担主责,null,5-28 11:04,
雅gei妹妹,直接出等级制度好不好，唉,null,5-28 11:03,
失眠多梦之粉粉,别说青少年沉迷了，成年人都容易沉迷,null,5-28 11:02,
甜心糖果2010,挺好！我觉得成年人也要防沉迷,null,5-28 11:01,
Soul-vic,多少岁到多少岁,null,5-28 11:00,
刘鑫在行动55,幸好我是成年人了,null,5-28 11:00,
·Comet,没用。,null,5-28 10:59,
ill_crown,以后网上都实名制吧，少些喷子，世界更美好,共1条回复,5-28 10:59,
为你的智商余额感到心碎,,null,5-28 10:59,
changchang长相守,……………………,null,5-28 10:59,
关于吴世勋的1994,？？？？？？？？？？,null,5-28 10:58,
Qi_X_Rosy,支持！最主要的还是家长的引导！,null,5-28 10:58,
要努力的小甜心,可以加大监督进行实名认证,null,5-28 10:58,
被神捧在手心,六六六,null,5-28 10:58,
V女神,强烈建议开通中青年模式…午夜模式,null,5-28 10:58,
源哥的钢铁汤圆666,干脆实名制吧,null,5-28 10:58,
i菜菜花园,支持,null,5-28 10:57,
令和少女马嘉伶,我当时高中毕业，玩lol要实名认证，但是俺未成年认证不了，就拿我妈身份证认证,null,5-28 10:57,
知了唯知爱,利好！应该出台了，而且跳出来的抽奖借贷充值等等诱导弹幕，真是让人防不胜防,null,5-28 10:57,
一碗杂酱面w,不知道能过个快乐的六一不,null,5-28 10:57,
老锅巴饭团,分级啊,null,5-28 10:57,
-乐-宝-,终于！,null,5-28 10:57,
白jiojio丫,哈哈哈哈哈怪不得，微博也有,null,5-28 10:57,
sususunnyng,真的非常需要，我三岁多的小侄子天天看动画片,共1条回复,5-28 10:57,
Diviner毛球,这算是分级的开始吗？,null,5-28 10:57,
时光_always在,我觉得管一下网站的不好内容更为重要，比如wb的天天推广的sq内容,null,5-28 10:57,
熙哈有多远ding,希望有用,null,5-28 10:57,
你笑咩啊,好诶,null,5-28 10:56,
自-欺欺人,成年了，奥利给,null,5-28 10:56,
双溪逸人,太好了太好了，太好了，早该这样了,null,5-28 10:56,
温文尔雅邱先生,额,null,5-28 10:56,
Tomas_不聪明,快手那些社会打扮的小朋友们,null,5-28 10:56,
古尼玛勒逼黑暗之神,！？？？？这难道不是家长该做的事吗,null,5-28 10:56,
星光四翼,,null,5-28 10:56,
Ekin的煎饼果子呢,挺好的哈哈哈哈哈哈哈，真·六一儿童节礼物了,null,5-28 10:56,
怪盗影夏月,这个儿童节儿童不开心,null,5-28 10:55,
0923fairy,支持,null,5-28 10:55,
凉LRib_,还好成年了,null,5-28 10:55,
送你一碗大米粥,早该这么做了，有些平台的视频真的很低俗,null,5-28 10:55,
milsock,最好弄个法律强行规定,null,5-28 10:55,
ready1998,,null,5-28 10:55,
能不能叫随便,支持,null,5-28 10:55,
奶油红豆卷w,我的天 防沉迷是几个小时 我02年的不会也在范围吧我已经上大学了啊,共1条回复,5-28 10:55,
维特尔是F1车手总冠军,对于没有自控能力的未成年来说，并没有毛用,null,5-28 10:55,
milsock,早该这样弄了,null,5-28 10:55,
JKFIML,额,null,5-28 10:55,
高贵女人塔卡莎,,null,5-28 10:55,
沧海月明孤舟,？！！！,null,5-28 10:55,
九漓还是阿凉,出台这种政策已经可以了，真的管管孩子，救救大人。只要家长不给身份证，就能给成年人一片净土,null,5-29 10:44,1
飞呀飞呀飞飞飞飞飞飞飞,看到的时候心里一凉，然后发觉自己这把年纪再也不是青少年了,null,5-28 16:22,1
屋煜,这个社会不止只有青少年呀！！！,null,5-28 15:24,1
金属喵子,敢实名制么,null,5-28 13:09,1
Sabtu,防沉迷没啥意义。。十年前我初中玩QQ飞车的时候就有这个机制了，网上找或者用爸妈的身份证就行了。反而出了这个防沉迷，逼迫着所有用户在各个平台都得用身份证实名？？本来被逼着必须手机注册就很烦了，现在还得输身份证了吗。。我就看个视频而已，还得担心会不会信息泄露，心累,null,5-28 12:36,2
脱节鱼干,不加强教育管平台什么事？,null,5-28 12:21,1
52HHS99,快手那些女的多骚啊，而且很多小孩子都在玩,null,5-28 11:22,1
穷挫李,南征北战，不服就干。支持快手我四哥，天津李四,null,4小时前,
秀逗麻袋思密达,有些东西年轻人能看，儿童不能看，儿童想看的年轻人不想看，希望分级制度尽快落成，管理要比现在规范和容易的多,null,昨天 23:19,
GEMINI陳笑,所以关闭了弹幕？,null,昨天 19:56,
xiao01211,优酷昨天还好好的，今天就没弹幕了！,null,6-3 22:39,
WhiteTreeDwarF,建议网站同一采用实名认证加人脸识别认证模式 青少年一律不准看脖子以下的部位描写 成年人不限,null,6-3 08:24,
Dylan6606,@卓子旁边的焉,null,6-2 18:01,
龙猫小飞侠,快救救孩子吧~,null,6-2 11:55,
sunny别闹该吃药了,嗯？为什么不让自己家长管住孩子呢？啥都软件的事儿只要孩子想看，他怎么都能看到,null,5-30 10:57,
无伤大雅的猥琐是优雅,希望可以整顿一下快手吧。乌烟瘴气的,null,5-30 01:25,
鞠家公举,管管孩子吧！,null,5-29 23:42,
SwnHryk,18岁以下是未成年人，青少年是多少到多少岁啊,null,5-29 22:28,1
你轩哥带你飞,快手不让解绑身份证，不让封禁的注销账号,null,5-29 22:07,
你轩哥带你飞,最该整顿的就是快手，关了吧，满满的负能量，全是博人眼球的低俗东西！,null,5-29 22:06,
忧郁的小英子,意思是啥意思没懂,null,5-29 17:07,
红旗飘扬5,我真是不想说什么，腾讯这么大大公司，一点点小事情都处理不了，无法处理，从这点小事就可以看出来，腾讯没有尽到自己的责任和义务，一家不负责任的公司，注定走不远！！！！！,null,5-29 16:24,
Engo伊格,能不能什么都怪软件，多从自身找原因行吗?这些自制力都没有还能干嘛啊，别人都好好的为什么你不行你特殊还是咋地?家长自己管不了孩子那是你自己的问题，你自己的孩子自己都管不好你指望着谁帮你管然后自己坐那里望子成龙望女成凤，那是你家孩子，不是别人家的,null,5-29 15:55,
andmother,有一个快手刘一手的 黑社会,null,5-29 15:16,
Mars艾雅雅,呵呵 一天40分钟真牛逼 充的VIP也不能退 你们真,null,5-29 13:25,
hwhef,出台这个没用！因为会出这些问题，就是家长不管！你出台什么，家长不照做有什么用啊？应该出台配套惩罚措施，把有孩子的人的互联网和现实的信息连接在一起，再狠宰一批不听话的出头鸟，形成威慑，后面才好执行下去。生孩子的这帮人，你不让他们痛几回，他们还是就只会下崽，不用管的！,null,5-29 11:58,
又天真了,能不能把快手封了！这个平台现在已经社会观念混乱了！觉得，为了出名都想疯了！！啥人都有！一群卖肉为荣的沙雕！为了人气一点底线没有,null,5-29 10:16,
夜空中的那幕烟火,现在短视频成什么了，上学的孩子不好好上学，打工的没心思工作，当老板的不务正业，都想着当网红，不劳而获，再这样下去怎么实现中国伟大复兴,null,5-29 10:09,
大桶黄金鸡,完了，b站的蝗虫要到处啃庄稼了,null,5-29 09:52,
财团的资深中毒玩家72322,六一没有什么可以给孩子的，不然就一套三年模拟吧,null,5-29 09:20,
干嘛抽烟,网信办有本事把整个社会都屏蔽了吧,null,5-29 09:19,
华小郑,全部封掉好了，因为这个东西有利有弊，争议太大,null,5-29 08:23,
trevor的柠檬茶,有意思吗这样子？？？自己不弄分级弄得大家都不爽，家长自己管不好管软件屁事,null,5-29 06:54,
ThelenChiu,作用有限！分级更佳,null,5-29 06:43,
杰夫杀手啊,？？？bilibili绘画视频一个就1小时啊？？我看消息只能看40分钟我学什么？,null,5-29 06:31,
7蘑菇力,麻烦多管理主播吧 什么未成年生子的 还是有粉丝量大的主播各种煽动自己的粉丝去带节奏闹事的 麻烦一起封杀 不仅影响社会风气 还影响其他主播去正常直播和工作生活,null,5-29 03:17,1
百次博,国家送的儿童节礼物？？我就想问问，为什么vip还有广告的事。,null,5-29 01:31,
Mystery37583,分级制度搞不出来吃枣药丸,null,6-3 17:51,
桃花凋落寂寞68058,难道孩子不知道怎么绕开防沉迷系统吗？,null,5-29 21:40,1
kn小分队,唉，教育搞不好，这些都是起不了作用的，要从根源解决问题，根的问题解决了，还怕吸收不到营养吗？如果有那就是土地的问题了,null,5-29 17:55,
kn小分队,首先不建议这样做，孩子们有娱乐的权力，这是国际声明过的，而且限制观看类容，我觉得不现实，我就喜欢看动漫，我学动漫，以后在动漫这一领域工作,null,5-29 17:51,
快乐的小鸟k,少年乃国家未来，绝不可让小视频毒害祖国的花朵！,null,5-29 10:48,
外焦里焦,六一儿童节没什么好送的，送各位小朋友一套防沉迷吧,null,5-29 10:42,
夜空中的那幕烟火,@夜空中的那幕烟火: 现在短视频成什么了，上学的孩子不好好上学，打工的没心思工作，当老板的不务正业，都想着当网红，不劳而获，再这样下去怎么实现中国伟大复兴@央视新闻,null,5-29 10:09,
Sakuto_Shirasawa,哈哈哈哈笑死我了我去年刚成年,null,5-29 08:30,
是时候坚强起来了,知道为什么现在教育一片乱像吗？因为主要身在其中的人（教育工作者和家长）中有很多人“坏掉了”，他们单纯的想法坚定而错误，居然认为严管是正道，大禹治水都不懂，还不如几千年前的先民,null,5-29 01:14,
hlmclndxhdswdl,ac居然能被点名,null,5-29 01:07,
家豪ZhAng,我作为一个成年人，我都控制不住一整天玩手机,null,5-28 23:33,
炸裂的平底锅,求求你搞个分级吧，一刀切真的难受，16岁的人看个视频都要被限制，真的挺难受的,null,5-28 23:29,
Tarnival,……,null,5-28 23:16,
AKA押韵轰炸机,成年人模式是不是也可以搞起来呢,null,5-28 23:12,
深夜诗人ORZ,自主选择能管用吗，不如来个实名吧,null,5-28 22:27,
五星聚,,null,5-28 21:36,
热爱学习的老花,怎么还没分级啊！！都15年了！！！,null,5-28 21:25,
咖啡店里的小可爱,这个好，,null,5-28 20:52,
藤纯酱,没有什么卵用，治标不治本,null,5-28 20:48,
故宫的小精灵,支持视频平台防沉迷系统上线运行,null,5-28 20:43,
小黑最黑,VIP专属广告了解一下,null,5-28 20:36,
石头泥_,防沉迷是一方面，净化视频内容才是重点，网络鸦片真在毒害很多人,null,5-28 20:21,
爱亦爱之敬亦敬之,我就问为啥最近爱奇艺，优酷，芒果app看视频都卡？音像和文字都对不上？,null,5-28 20:21,
m米倩q,我一个都没有,null,5-28 20:02,
励志de余葚,管管孩子救救app,null,5-28 19:52,
潮涨起的世代长年,请问我都快三十了，生活不能自理么,null,5-28 19:33,
唯春之祺QI,现在的小孩可聪明了，不会吃这一套的,null,5-28 19:32,
唯春之祺QI,还好我已经不过儿童节了,null,5-28 19:28,
andy最愛查理,只希望这样的政策不要一刀切，只考虑青少年需要教育保护引导限制而完全不顾成年人的感受。就行了。毕竟成年人也需要自己的娱乐自己的选择和自由，如果什么东西的尺度标准都和青少年一样了，那简直就是把成年人当幼稚小孩一样管了,null,5-28 19:20,
andy最愛查理,只希望这样的政策不要一刀切，只考虑青少年需要教育保护引导限制而完全不顾成年人的感受。就行了。,null,5-28 19:16,
墨海豚,这件事肯定是支持的，防沉迷是网络实名制的第一步，若是防沉迷做好了，离分级的到来就往前迈进一大步,null,5-28 19:09,
特立独行的猴er,太好了,null,5-28 19:07,
小女子十七,能不能限制在线时间呢,null,5-28 18:59,
灵月瑶香,嚯！这次A站也进来了？,null,5-28 18:53,
努力1234567加油,这个系统好,null,5-28 18:51,
treasureboysatoshi,我求求你们不干人事就快死吧🙏,null,5-28 18:23,1
黔西南发布,国家网信办：网络视频平台全面推行青少年防沉迷系统[加油] //@Before-X: 儿童节礼物,null,5-28 17:55,
焱浪_四月,家长不教育，让国家管，真可以。,null,5-28 17:53,
鹿露噜鹭潞,哈哈哈提前送给小朋友们的儿童节礼物,null,5-28 17:53,
可以和我交朋友嘛,@无情独角兽,null,5-28 17:37,
温暖琐事,还好我今年就成年了…我还一直记得我之前玩王者荣耀 玩了两小时就不能玩的感受 玩了我几天就实在玩不下去了 这种防沉迷系统能直接让我戒游戏,null,5-28 17:37,
守望北极星的小尘埃A,？？？？活着的不只是未成年凭什么事事迁就他们？成年人就该死吗？？,null,5-28 17:35,
苏州吉恩箱包品牌官方微博,监管是一方面，最主要还是要看家长的引导+10086,null,5-28 17:35,
桃栀卌,车祸现场~,null,5-28 17:33,
陵绾,所以作为尊贵的大会员我可以看适合成年人看的东西了么,null,5-28 17:30,
回忆之前茫茫如梦醒,未成年人应该禁止上网，送到杨永信那电一电,null,5-28 17:27,2
今天的iqoo更新了吗,还有不到两个月成年，你们随便整吧，反正和我没关系了,null,5-28 17:26,
漆北SAMA_,@一只知更鸟的死亡 求你康康这个，实名恳求分级，管管孩子，救救游戏,null,5-28 17:16,
夏叉叉大战拖延症,搞防沉迷 也懒得搞分级,null,5-28 17:12,
blackpearl-,.......,null,5-28 17:09,
马猴烧酒wwz,呵呵哦,null,5-28 17:09,
DDMC当代明诚,国家网信办统筹指导14家网络视频平台上线《青少年防沉迷系统》,null,5-28 17:03,
又菜又贪小瓜皮,搞这么有什么用啊，架不住家长愿意给小孩玩啊，我家里就是为了不让小孩吵闹就给他们玩手机，压根也不管小孩看了什么的，所以这系统只是为了限制成年人而不是青少年,null,5-28 16:53,
祈蝶丶梦境,与其在软件上下功夫，不如在未成年人的教育上下功夫。软件本无错，错在未成年人不能很好的克制自己。,null,5-28 16:51,
Karotte_凛,还好老子成年早，(不是给自己老了找借口哦,null,5-28 16:45,
人不大带表,怎么判定是未成年,null,5-28 16:35,
三米五的路怎么调头,治标不治本，你不觉得青少年沉迷互联网是因为课余活动太少且零碎，文化生活匮乏嘛？体育和艺术类活动才是能减少沉迷的有效方法,null,5-28 16:31,
鬼才兄,那我沉迷CCTV怎么办？,null,5-28 16:16,
冷殇04972,干得漂亮～～～(ღ♡‿♡ღ),null,5-28 16:15,
不秃头的医学僧orz,唉其他的别说我觉得在b站上很多网课还是挺方便的没了b站我真的要挂科了,null,5-28 16:07,
戈丁0240,如何保证身份证号码不泄露,null,5-28 16:06,
欣雨青禾,对孩子负责，就是对国家负责,null,5-28 16:04,
林下谛听,你们管你们的，我们成年人的世界做错了什么?闲暇的消遣都没有了,null,5-28 15:38,
不要再拖拖拉拉了,不容易，A站终于有了次姓名,null,5-28 15:16,
期无遥遥无期,干得漂亮,null,5-28 15:14,
喵喵叉会儿腰,六一儿童节礼物？,null,5-28 15:12,
my歌声abc,长时间浏览提醒模式 长时间浏览刷脸认证模式 实名注册,null,5-28 15:12,
夏天夏天888,没用,null,5-28 15:02,
Vacuity-空寂,其实可以反向思考，搞一个成年人模式，登录验证，可以看未经修改删减的正版视频，未成年人无法验证就不能看，这样多好啊！,null,5-28 15:01,
清风琴鸣,可以设置一个使用时间限制 我觉得我这个考研党也需要,null,5-28 14:59,
未完成的歌在江湖619,不只是儿童，成年人也容易沉迷,null,5-28 14:58,
SAI-GIftia,直接要全部手机解锁要人脸识别，没满十八别玩了。搞得这么麻烦,null,5-28 14:56,
三千forever,搞软件的也是真累,null,5-28 14:55,
命鍾鉒顁纟,希望除了视频网站，搜索引擎也能治理一下，之前看报道：搜某小学，首页竟有色情网站链接…无语了,null,5-28 14:52,
极中极,支持,null,5-28 14:42,
菇秋在一角_,虽然我成年了，但是我发现我也挺沉迷的不太好啊,null,5-28 14:31,
不晴不雨-,成年人表示:只有爱奇艺和腾讯，过完年只刷过一次剧，考试狗也是惨,null,5-28 14:30,
雪满_长安,想玩怎么都要玩的 对小孩子可能还有点用,null,5-28 14:29,
冲动小火车卐,,null,5-28 14:28,
梦娜3000,游戏开发商表示很崩溃！,null,5-28 14:27,
通化网警巡查执法,#净网2019# 【国家网信办：网络视频平台全面推行青少年防沉迷系统】,null,5-28 14:26,
等待广场舞,能将王者荣耀禁了吗,null,5-28 14:23,
薄寒如斯经年,有毛病。,null,5-28 14:20,
_新鲜续命_,不是。。你不能一竿子打死我们这些成年人吧？？难道我还要看喜羊羊吗？？,null,5-28 14:18,
周小明seven,家长监管很重要,null,5-28 14:17,
陕西财经大学,转发微博,null,5-28 14:14,
人生没有如果早知道,大人要以身作则啊，自己都管不住自己怎么管的住孩子看不看,null,5-28 14:08,
老哥在线锤人,只要你家小孩想 不管怎么样都没用...家长管不好就找理由 别人没义务帮你管 说白了 这游戏我开发再这儿玩不玩是你的事 你不玩我又不会摁着你玩 你想玩我有权利管你吗 同样 真正有义务的是父母吧 别搞这些了 还没成年的真巨烦 管管小孩行为别搞得其他人都被一棍子打死,null,5-28 14:05,1
草帽乱飞的岛,校园霸凌网站没有未成年人不是也会,null,5-28 14:05,
小暮家的文娟大婶,难怪昨天打开b站有个防沉迷提示,null,5-28 14:03,
繁夏sun,支持,null,5-28 13:57,
我真的好想吃麻辣香锅,能不能解决一下充了VIP还有广告的事,null,5-28 13:53,
天煞孤星普莱斯,谁能给我讲点苏联冷笑话,null,5-28 13:49,
一百万个不可能的梦,分级才是正道,null,5-28 13:49,
js小健,我想说这是退步不是进步！有用吗？分级制和家长指引来的更好吧！不要什么都怪网络教坏小孩子,null,5-28 13:48,
随便选些啥,有个屁用,null,5-28 13:45,
puchi戏精,求不要搞我的小破站,null,5-28 13:42,
杯子不是被子,球球你们留给成年人享受的空间吧,null,5-28 13:41,
吴先成,哔哩哔哩为什么不叫B站？,null,5-28 13:39,
encoura-,全面保护未成年。全面压抑成年人。,null,5-28 13:39,
LazyDog蝎子,所以什么时候能分级？全是只要求平台干这个干那个，领导们呢？,null,5-28 13:36,
院门没关_基林KEEL,不分级 才会在这费功夫,null,5-28 13:34,
书宏万,支持,null,5-28 13:34,
KarryDream,嗯，走走形式?我怎么感觉没什么用,null,5-28 13:30,
dingaru,最好的兒童節禮物。,null,5-28 13:25,
尹尹小君君,老是管APP有啥用？小时候家里没手机，小孩不照样看电视看一天，主要是家长管才有用吧，强烈建议结婚生子强制考试，不及格不给结婚生子,共1条回复,5-28 13:24,
_脖子直抖_,希望青少年模式能有适配青少年的广告安排,null,5-28 13:22,1
訦小猫是句号菌,我觉得可以给我妈妈安装一个防沉迷系统,null,5-28 13:14,
情绪归处是你luckyN,是人们现在三观太不正了，把坏的当成好的去模仿,null,5-28 13:12,
Cl丶丨丶,有蛋用？,null,5-28 13:11,
范已OK,就未成年人禁止上网呗,null,5-28 13:10,
PARANOIC-Y,给我成年人模式 谢谢,null,5-28 13:09,
卑鄙69789,还好我长大了,null,5-28 13:09,
今年一定要去重庆,教育问题是根本呀 别说小孩了 我作为成年人也很容易沉迷 要不是生活所迫 谁不喜欢每天躺在床上玩手机,null,5-28 13:08,
狂书声,提议所有APp登录全用面部识别！,null,5-28 13:08,
champion很坚定,六一大礼包,null,5-28 13:07,
AnAcorn,诶，，，又要禁一波吗，，，,null,5-28 13:07,
从前有个王好人,沉迷的大多还是成年人,null,5-28 13:05,
逢-时,哦吼,null,5-28 13:05,
AD钙气泡牛奶,@沉迷爱豆的花花酱嘿嘿嘿 可惜你长大了哈哈哈哈,null,5-28 13:04,
穿城北路41号壹先生,希望能早日细化分级制度,null,5-28 13:04,
天煞孤星普莱斯,这有jb个用。你是否满18岁？ 是 ❌ 否✔ 全中国人均青少年 ，不配拥有成年人。 反正是官老爷冲业绩,null,5-28 13:04,
知春路1993,有成成年人模式吗？快，急需,null,5-28 13:02,
车天秀,还有第五人格,null,5-28 13:01,
沉着冷静不生气der黎,没毛病,null,5-28 13:01,
Justzsomso,上有政策下有对策这样的话不是用在这种时候吗 政策有了不靠好的办法实施等于一纸空文,null,5-28 13:00,
LJS_花辞,哈哈哈哈哈哈哈哈还好我及时成年了,null,5-28 13:00,
就这样安靖着,这个系统听着咋怎么空洞呢,null,5-28 13:00,
粟不相织,早该这样,null,5-28 12:58,
________夕颜i,分配自身注意力和精力的主动权，已经慢慢的脱离我们自己手中，转移到了强制执行的电脑程序中,null,5-28 12:57,
棠颂echo,@令羽 我今天打开优酷看到那个弹窗一脸懵逼,null,5-28 12:57,
朝虞_种花家的魇兽,看起来有几率减小遇见小学生骂街的几率,null,5-28 12:56,
3ouumy2re5,?????我刚刚充的腾讯视频会员，你现在告诉我不能长时间用?????,null,5-28 12:53,
失去记忆的恶魔,又是这个没卵用的防沉迷系统。十年前网络游戏就有了，上网百度一个身份证就能解决的事情。,null,5-28 12:52,
夏东海先生的刘梅女士,加个微博，成年人的模式。😂 刷微博根本停不下来。,null,5-28 12:52,
千层千,@周小司機師傅 我是VIP,null,5-28 12:52,
鲜橘梅子汽水,转发微博,null,5-28 12:52,
十六夜砕月,挺好的，b站现在的弹幕根本不能看了。,null,5-28 12:52,
捶你大胸,我的小破站 哈哈哈好惨,null,5-28 12:51,
要_发呆,讲真，弄这些真的没用，不如分级，分级了成年人舒服，也可以防止未成年人沉迷或者接触血腥暴力,null,5-28 12:51,
会放屁的柠檬精,有病,null,5-28 12:51,1
K9_Natural首席执行官,真的早应该出防沉迷！减少青少年沉迷手机！,null,5-28 12:50,
岑漂亮呀,我还是青少年呢？,null,5-28 12:49,
黑夜的月亮姑娘,这个儿童节礼物，我拒绝,null,5-28 12:48,
ObludaKteraNemaSveJmeno,系统怎么限制？按客户端还是网站自己？那就一个app刷一个小时再换另一个,null,5-28 12:48,
奔跑的派大星V,他用家长身份证什么都搞定了！什么沉迷都无用关键在自己。恐怕是加个过滤系统吧！不想播的不给播,null,5-28 12:48,
筱英琪,拿父母的手机刷怎么说？,null,5-28 12:48,1
LYUwwww,@SWWWWjY @娜小鬼2741,null,5-28 12:47,
四目山上的神明,准备成年了还是不慌的,null,5-28 12:46,
一只旧铅,在？微博也安排一下？现在的小学生刷微博的也不少 整个防沉迷？,null,5-28 12:46,1
吃鱼加智力,全关了，玩泥巴去,null,5-28 12:46,
走年不走心,孩子被带偏了,null,5-28 12:46,
深井冰的不定期吐槽,来自国家的无情铁手，打破肝帝大佬的追剧梦,null,5-28 12:45,
是大鱼嘞,刚好今年成年,null,5-28 12:44,
煎茶真是令猫秃头,这样不好，你们应该把网络给关掉，以后干啥都写信，以后国家发布消息就在村头贴告示,null,5-28 12:44,1
三个栗子J,越来越难生存了,null,5-28 12:44,
夜幕下的游荡者016,六一礼物🎁,null,5-28 12:43,
穿过银河拥抱你,能整改一哈浏览器吗 什么乱七八糟的东西都有,null,5-28 12:43,2
岁月时光51375,跟游戏防沉迷系统一样更本就是名存实亡的东西，下孩子依然拿着父母的手机玩，或者通过非法途径接触，所以搞了还不如不搞，反而促使了一些黑色利益链产生，甚至直接威胁青少年的身心健康和安全，这种方式更本不能从本质上解决问题！！！！！！,null,5-28 12:43,2
最萌萨摩耶,B站我一看就停不下来啊，我已经不是小孩子了！,null,5-28 12:42,
各适其适201508,看家长！国家做到这样已经够了！,null,5-28 12:41,
华菜菜yu,鼓掌👏 👏👏👏非常赞同，我现在听到我妹妹打开小视频d软件都是网上那些没营养烂口水都视频音乐就很难过，我不希望她从小就接触那些东西，影响小孩子世界观价值观的形成。音乐不该是那样的，流行不应当是那样的。,null,5-28 12:41,
你的桐公子,@何为孤芳自赏-- b站,null,5-28 12:41,
稚內鹿悠Milky,还好我六天前成年了,null,5-28 12:40,
方青瑶,能不能不要一棒打死所有未成年啊orz,null,5-28 12:40,
飞羽轩团队,开心，身份证实名制防沉迷需要严厉打击,null,5-28 12:40,
青衣青丝亦卿城,幸好我马上成年,null,5-28 12:39,
爱吃小笼包的C_ic_i,为什么成年人的正常生活要为所谓的青少年健康成长埋单,null,5-28 12:39,
你有我阿·,真好，孩子就得管管,null,5-28 12:39,
MIG29K94592,啊，b站也上了,null,5-28 12:39,
詠鈈退縮,番茄🍅APP直播，你懂得,null,5-28 12:38,
不吴不敖527,成年人辽哈哈哈,null,5-28 12:37,
木山春生酱,成年人排除在外,null,5-28 12:36,
你的微博叫什么啊,有病,null,5-28 12:36,
暗恋灰123,直接禁止小孩上网不就完了吗，干嘛折腾，让他们乖乖写作业去，都是作业太少惹得,null,5-28 12:35,
易家背后的小姑娘,希望成年人用手机也能少点 自制力不行啊 手机自动上锁的话 我可能会弄两个手机,null,5-28 12:35,
古月语亭,@漠水_,null,5-28 12:35,
记忆时空jysk,而且社会情况确实比较复杂,null,5-28 12:35,
记忆时空jysk,我觉得分级现在还不现实，人口基数太大了，不好管,null,5-28 12:34,
平躺很能睡,青少年都有防沉迷了 那青少年可以过儿童节吧,null,5-28 12:34,
问路之心,爱和成长 守护 和安全,null,5-28 12:34,
风筝线o,小孩都是玩爸爸妈妈的手机，这怎么管？,null,5-28 12:33,
最爱杏鲍菇炒肉,@SnowinAstana,共1条回复,5-28 12:33,
世无伤心人只有考研狗,cxk粉丝瞬间自闭,null,5-28 12:33,
是敌是友别是心机婊,加油,null,5-28 12:32,
不知道去什么名儿的苏苏,那怎么区分成年人与未成年人呢？有些还不止一个号，还有用家长的号的,null,5-28 12:32,
Zz廷的小糖糖,这些不整改好 我都不敢生孩子了,null,5-28 12:31,
小栗旬de老婆,有毒？？？我现在玩个b站都要被管？？？,null,5-28 12:31,
深红的莉切_Beatrice,请问20岁的我是不是青少年?,null,5-28 12:31,
阿贝尔math,成年人也需要限制沉迷吧。多少男女沉迷se qing黄 se视频的 。,null,5-28 12:31,
Vi秋秋,六一儿童节到来之前,null,5-28 12:31,
Zz廷的小糖糖,强烈建议微博限制未成年人登录时间！,null,5-28 12:30,
子纸巾巾京-JING,成年人可以看些成年人看的东西吗我是说20多岁，还没看过你懂吧。,null,5-28 12:30,
京紫天下第一,那我们成年人可以看脖子以下的部分了🐴,null,5-28 12:30,
壁咚的狗狗叫咚咚,@_云雀儿,null,5-28 12:29,
阿不拉不拉不,难管，而且还影响使用体验,null,5-28 12:29,
邓布利多巫婆,我是成年人，啊,null,5-28 12:29,
张云曦吖,没有多大效果,null,5-28 12:28,
萝卜糕Q,我希望成年人也出个防沉迷🤦♂️,null,5-28 12:28,
冲刺的小黄蜂,刷短视频的时候，会发现很多露肉的视频评论里都在说“我看的明明是青少年模式为什么给我推荐这些”，所以青少年模式对视频的分类还需要改进,null,5-28 12:27,
霸天BD,大人也需要,null,5-28 12:27,
十六不好吃,妈妈再也不用担心我刷b站刷上头了,null,5-28 12:27,
小丑Li的舞台,我国青少年比起其它国家格外脆弱,null,5-28 12:27,
冰镇麻辣烫000,谁来拯救成年人啊，我也沉迷，每天看不进去书，工作上一有空就刷手机,null,5-28 12:26,
Lollipop-DL,这个好,null,5-28 12:26,
韩古风给发的,加强一下吧！,null,5-28 12:26,
落花微雨678,要是把网络游戏也安装上防迷系统就完美了，恐怕能救不少祖国花朵。,null,5-28 12:26,
认真考虑规划问题中的kin酱,但是有很多未成年人都是拿长辈父母的手机登录的。所以有用？！,null,5-28 12:25,
哼泰亨,我觉得还行，但能不能给我们成年人来一个成人模式,null,5-28 12:25,
凉嗖嗖的薄荷糖,不管这些软件怎么做，家长不好好教育还是没用的啦，父母自己都沉迷于网络游戏之类的，孩子自然会有样学样的，所以言传身教最重要！,null,5-28 12:25,
唐麟风雅,猛然一惊，然后意识到自己已经成年了。啊，第一次感到长大了真好。,null,5-28 12:25,
垮叉晴天,我不是青少年，国家不管我了,null,5-28 12:24,
哆啦B梦做仰卧起坐,我家小孩天天沉迷CCT新闻 肿么办？,null,5-28 12:23,
嘿嘿喵当丁,能不能分级啊,null,5-28 12:23,
这个虾滑不太滑,赶快推行,null,5-28 12:23,
FlippedOO7,@大盗曹中秋 哈哈哈哈哈哈,共1条回复,5-28 12:21,
溺水的面条,按8个视频算，一个视频app玩3小时，3×8,null,5-28 12:20,
三猫爱佩奇,哈哈哈哈哈哈哈一个综艺仨小时，看完就歇着了,null,5-28 12:20,
凤-简单随意,支持,null,5-28 12:20,
楼曾依尚,希望有效,null,5-28 12:18,
不戴眼镜听不清说什么,可不可以把限制年龄提高到退休年龄？我也被限制。,null,5-28 12:18,
7分饱打7折,好事,null,5-28 12:18,
潇了个函就是北了个方,不过最后落实下来还是要看家长管不管啊,null,5-28 12:17,
liz军长,我也觉得可以管，大部分孩子都被玩手机给害了，包括我,null,5-28 12:17,
白开水壹杯,成年人沉迷网络怎么治？,null,5-28 12:16,
凉嗖嗖的薄荷糖,无论怎么样想玩的小孩子们还是会玩的，最重要的还是父母怎么教育的问题，父母自己都满不在乎的话小孩子自然也是一样，我们家孩子八岁了不管是看电视电脑，还是玩手机都是定时玩的，时间到了就会主动还给我,null,5-28 12:16,
片寄凉太的太太丶,成年人没有资格被保护嘛？,null,5-28 12:15,
晞暮悠悠,救救孩子把,null,5-28 12:15,
Yao_Quanhao,来个18+模式,null,5-28 12:15,
阿姆斯特朗678,@时光不停站,null,5-28 12:15,
王耑2014,送给你们的儿童节礼物,null,5-28 12:14,
今年可以学会吹埙么,干得漂亮,null,5-28 12:14,
丶Twisted,舒服,null,5-28 12:14,
牧舒尘,一个软件时间到了换一个啊？？所以联合的防沉迷才有用吧,null,5-28 12:14,
hj38864,举报小姐姐APP直播平台现场直播黄色淫秽视频，对社会影响危害极大！,null,5-28 12:14,
孩子孩子你怎么这么坏,沉迷了管也没用了,null,5-28 12:13,
隔壁r_LEO,救救成年人！！！,null,5-28 12:13,
只对勋勋心动,还好我成年的及时,null,5-28 12:12,
52刘川枫,你这是管孩子？不学一下欧美管分层。连香港很早以前的公益广告都提倡家长疏导孩子看电视，搞那么多花里胡哨的做什么？？？还越搞越差,共2条回复,5-28 12:12,
当个打卡的小号吧,视频APP买了会员还有广告那叫专属超值推荐，vip看电影还得花钱呢,null,5-28 12:11,
伊恩加菲尔德,要泥寡！,null,5-28 12:11,
唯一TGS,企业做出来这个模式，就应对上头的指导意见来完成的，不是来应对孩子的,null,5-28 12:10,
一只言喵儿,可以,null,5-28 12:10,
梦想是嫁给萌德,幸好老子快成年了,null,5-28 12:10,
害怕孤独的灵魂,是要管,null,5-28 12:10,
皇帝鱼翅客,哦，儿童节礼物啊,null,5-28 12:09,
Indestructible男二號,@芹菜CCO,null,5-28 12:09,
吱吱是条废咸鱼,太好了b站终于可以管管小学生了,null,5-28 12:09,
0后谢刚,王者,null,5-28 12:08,
公羽弎石,有啥用？孩子都拿着爸妈的手机不给就撒泼打滚耍赖。。。,null,5-28 12:08,
房國遺民,拼眼睛的时代来了！,null,5-28 12:08,
映今月,不仅要防沉迷，还要分级,null,5-28 12:08,
贵族阁下,好,null,5-28 12:07,
huiu0217,我还有几个月成年，你们慢点啊,null,5-28 12:07,
下智健君正得,防沉迷系统都多少年了，现在的孩子傻到写自己名字上去了吗？,null,5-28 12:06,
葵疯子有医生开的证明,希望有分级,null,5-28 12:06,
新浪山东头条,#小浪微评# #视频平台青少年防沉迷系统# 当下视频平台的推荐机制越来越完善，让人欲罢不能，在这中趋势下退出青少年防沉迷系统是很有必要的，平台固然会追求自己的利益去推荐，但更应承担社会责任，给青少年良好的成长空间。,null,5-28 12:04,
半只虾米,央视给做了个九宫格广告,null,5-28 12:04,
茜茜国王V,我小时候就搞防沉迷了，照样想玩就玩，能不能想个更高级的法子……真以为孩子傻，不会用家长身份证认证啊,null,5-28 12:03,
看到我请催我去治病,为什么从我生病这几年来，各种软件就都上了防沉迷系统……我怀疑国家在针对我，但是我没有证据,null,5-28 12:03,
GBMYALMOSTLOVERx,我弟一直都用我妈的手机玩啊,null,5-28 12:03,
帮他养猫,今天打开某视频网站已经提醒我了,null,5-28 12:03,
二二三三是数字,我成年了哈哈哈哈,null,5-28 12:02,
时间延缓效应,干的漂亮,null,5-28 12:02,
_BenzG,现在的短视频和直播app简直就是精神鸦片,null,5-28 12:01,
余音-46286,我高三毕业了，防沉迷还管着我？,null,5-28 12:00,
心如魔幻YOUAI,指责家长的 有些家长忙碌管不到孩子 手机又是随时接听可用 藏起来还不行 所以孩子自己就偷着拿家长的手机玩 这个不能全指望家长 国家出台这样是更好的协助家长 总不能放弃忙碌全天24小时管控孩子吧 孩子不像成年人自制力又差 所以也需要借助国家和家长共同去做的 教育就是多方协助的不是吗,null,5-28 12:00,
yiqi前往,唉，搞个青少年模式都不行，全是大胸大屁股的姐姐，一看就是俩小时，还是我心境不够啊。,null,5-28 12:00,
飞絮_9876,大力支持,null,5-28 12:00,
小关过河,有没有成年人模式,null,5-28 12:00,
莫征Mozen,b站我用来学前端,null,5-28 11:59,
深情表演o3o,要加健康系统也应该加在直播平台啊，优爱腾有点儿过了吧,null,5-28 11:59,
优秀的少年啊,让成年人有点乐趣吧,null,5-28 11:59,
不知说说说,搞个分级真的好难啊,null,5-28 11:59,
千叶月-,建议分级处理,null,5-28 11:58,
TroyeHll,请各位家长也能给予一定的帮助,null,5-28 11:56,
枫叶屿舞了,说实话，真的没什么用，管的不应该是孩子和软件，应该是家长啊……就一个正常家庭来说，在孩子毕业以前将近二十年是和家长在一起的呀，所以不应该是家长引导孩子吗？想法的确是好的，但这出发点……算了，不是我能说的,null,5-28 11:56,1
WHY_BIU,Good,null,5-28 11:56,
平安和平,国家网信办：网络视频平台全面推行青少年防沉迷系统。,null,5-28 11:56,
Sun-Aquarius,a站不是关了？最主要的还是推动分级吧,null,5-28 11:54,
还在寻找绿洲,反正就是不分级,null,5-28 11:54,
Arvin_shi,可怜的一零后，被这些所谓的科技互联网公司当赚钱的工具,null,5-28 11:53,
一笼蒸饺,不要只针对六一，要以后都得这样,null,5-28 11:53,
我是孟君呐xixi,看到咯噔一下！然后才想起来已经自己已经成年了。沉浸在还是16.17岁,null,5-28 11:51,
呀凌凌凌凌,好想出一个高中生防沉迷系统,null,5-28 11:51,
吐槽坚_,那我还能住在B站吧,null,5-28 11:51,
龙舌兰110168,,null,5-28 11:51,
烙篁,能不能给晋江设置一个14岁一下禁止进入的呢,null,5-28 11:51,
孟小茹a,QQ会不会以后也有这个玩意,null,5-28 11:51,
银雪凤凰,应该的,null,5-28 11:50,
永州网警巡查执法,#净网2019# 【国家网信办：网络视频平台全面推行青少年防沉迷系统】,null,5-28 11:50,
许妳一诺,少年强则腾讯强！,null,5-28 11:49,
夏日有虫鸣,防沉迷用百度到的身份证可以验证，怎么说,null,5-28 11:49,
田田田田田119,视频,null,5-28 11:49,
我是隔壁家老王,这个措施可以，给你套个模具，你就要按照这个模具长，长不好怪模具不好，不怪套模具的人和套模具的措施不好。,null,5-28 11:48,
地瓜果儿丶,根本作用不大，建议下架这些脑残APP才是最有利的办法,null,5-28 11:48,
文治街道办事处,,null,5-28 11:47,
李灬焕伟,不是限制系统，而是限制人，父母都不管，还还什么能阻止孩子的,null,5-28 11:47,
可爱SI可,这个转变是进步，我们应该支持。只有实施起来才知道效果，也能逐步改进～,null,5-28 11:47,
一个置顶,并没又,null,5-28 11:47,
快乐不悔青春,早就该管管了，现在小孩子天天沉迷于此，行为都怪异了,null,5-28 11:47,
JackPargo,如何才能青少年模式,null,5-28 11:47,
2019开心如意,能起实际作用吗,null,5-28 11:46,
芬达QuQ,说实话这个办法真的很鸡肋,null,5-28 11:46,
妮妮内增高,六一大礼包请收好,null,5-28 11:46,
萨拉达_KK,AC竟然还活着？,null,5-28 11:45,
你是小熊软糖,什么时间出个成年人模式,null,5-28 11:45,
问风的音讯,全面推行青少年防沉迷系统 ，好棒的一件事情啊,null,5-28 11:45,
阳光灿烂大樱桃,啥是防沉迷系统？,null,5-28 11:44,
本薄荷是S级的,这个模式可以都用吗我jio的我需要,null,5-28 11:44,
zxWei薇,过分了吧,共3条回复,5-28 11:43,
朵啦大人,本成年人也需要,null,5-28 11:43,
天了噜一百三十阿哥,应该对所有人都限制！学生一天一小时，累积到时间就上不去！成年人2小时！这个国家都要被这些脑残娱乐至上的软件坑死了,共2条回复,5-28 11:43,
KUUUMA,有没有中老年人防沉迷系统,null,5-28 11:43,
一个连昵称都不会取的人,全部禁掉，让我们微博粉些再次燥起来,null,5-28 11:42,
和肖战哥哥恋爱,没事我成年了,null,5-28 11:42,
搞到小葱花,早该这样了，,null,5-28 11:42,
cmulf,呵呵,null,5-28 11:42,
熱心市民陳小明,說那麼多幹嘛還不是因為家長嫌麻煩不想管教孩子,null,5-28 11:42,
许奕啊,本大一未成年人瑟瑟发抖,null,5-28 11:40,
Be1极星,拿家长的身份证认证就好了,共1条回复,5-28 11:40,
Lilian_0217,这个能不能治熬夜,null,5-28 11:40,
上岸的鱼在等一场雨,不该管的管的太多，该管的不作为，一天到晚就扫黄,null,5-28 11:38,
现在呢星,芒果tv呢,null,5-28 11:37,
兽佘,@I__2hm,null,5-28 11:37,
Myshadow23531,@SIRIUSborben,共1条回复,5-28 11:36,
立冬欢儿,希望有实效。,null,5-28 11:36,
宝芳草宝贝贝,这个不错,null,5-28 11:36,
卢志冬,微博也管理管理,null,5-28 11:36,
相遇是奇遇,开个15s动态头像识别呗,null,5-28 11:36,
RJ啊,不给手机啥事没有,null,5-28 11:35,
想来份饺子,读一年级的侄子放假就是沉迷于这些视频，快救救孩子吧。,共1条回复,5-28 11:35,
重回1996年,我微视没有名字嘛@微视APP,null,5-28 11:35,
搜索一个半,手机上竟然没有一个类似app，这是长大了？,null,5-28 11:35,
胜圣盛晟杨,支持,null,5-28 11:35,
岁月_静好_,我们家四岁的小侄子是：我去打把吃鸡。。。,null,5-28 11:35,
紹興敏好學與德鄰,隔壁电竞产业发达的韩国早有了，都早立法了，未成年人24点以后到早上6点强制下线，宪法裁判所早作出合宪判决。在法律家长主义理论前，你们都是法律眼里的孩子，要像家长一样照顾你们。,null,5-28 11:33,
马云凯come,希望国家多管管网站里的黄色信息建立重判现在的孩子张口就来的黄色段子,null,5-28 11:33,
邝大柳,应该是把父母教育好，再让父母管好孩子吧？这种办法只是一个辅助手段,null,5-28 11:33,
杨杨的印第安酒窝,这个可以有@UNINE_胡春杨 #胡春杨暴风成长#,null,5-28 11:33,
北极熊和宝批龙,搞个分级这么困难吗净搞这些花里胡哨的,null,5-28 11:33,1
不咬动是可爱,支持！,null,5-28 11:32,
甜盐患者,为什么不分级呢 怎么界定儿童和青少年呢,null,5-28 11:32,
风逯秋白,干得漂亮,null,5-28 11:32,
Jovei_,分级！！分级！！分级！！分级！！分级！！ 保障成年人看成年人该看的内容的权利！！,null,5-28 11:32,1
姑苏月夜,最近打开这些app总提示我要设置青少年模式，年轻就是这样。,null,5-28 11:32,
尼古拉丝儿·湾湾酱,要是一个app看两小时,null,5-28 11:31,
达不到目标绝不改名字,哈哈哈，开始断绝下一代了，嗯，真好,null,5-28 11:31,
CCD甜甜,的确该出实招整治，希望家长也充分利用好平台，以身作则，好好培养自己的后代。,null,5-28 11:31,
程笑笑笑笑笑嘿嘿,女大学生才需要呜呜呜呜呜呜,null,5-28 11:31,
紹興敏好學與德鄰,隔壁电竞产业发达的韩国早有了，都早立法了，未成年人24点以后到早上6点强制下线。,null,5-28 11:30,
Aiko_Yuyuyu,六一儿童节最好的礼物🎁,null,5-28 11:30,
JokerKnight_,无条件支持因为我刚成年,null,5-28 11:30,
姜茈,最后一个那么可爱是什么app,null,5-28 11:30,
杜元贞,我手机上都有，从来不沉迷,null,5-28 11:29,
Yolannndaaaa,啥时候轮到 VIP 广告 分级电影🤷🏻♀️,null,5-28 11:29,
小黑蛇跟我走,没法控制哈哈,null,5-28 11:29,1
某个六月,什么时候有管教熊孩子的政策,null,5-28 11:29,
紹興敏好學與德鄰,隔壁电竞产业发达的韩国早有了，都早立法了，未成年人强制下线。,null,5-28 11:29,
庸才少年,芒果Tv呢,null,5-28 11:29,
章鱼哥R,关键人民网新华网青少年频道目前不好玩呀,null,5-28 11:29,
重阳兄要变壮,能不能整个中老年防沉迷系统，我妈每天抱着手机看视频,null,5-28 11:29,
南皮南皮南,搞，再搞点分级，成年人也需要关爱好吗,null,5-28 11:28,
Silence杨梅,根本没有用，就算根据身份证信息识别强制要求上线时间，有些未成年还是会使用父母的身份信息。我觉得根本在父母管不管得住。别问我为啥知道，因为我干过,共1条回复,5-28 11:28,
旅者自静,我觉得除非人脸识别，或者指纹识别来区分，不然真没啥用，毕竟不是强制的,null,5-28 11:28,
小辳辳小,防沉迷和分级毕竟还是不一样吧……平台上还有很多动画片也不适合儿童观看，分区都懒得分的……,null,5-28 11:28,
九峰余雄军,想法是好的，,null,5-28 11:28,
秋名奇哈,@条件男友: 救救网站多管孩子吧,null,5-28 11:27,
爷爷泡的茶不加糖,六一儿童节礼物,null,5-28 11:27,
Namefhf,bilibili舞蹈区,null,5-28 11:27,
tzdzbxz天地奇闻,看到这些短视频就烦,null,5-28 11:27,
logojackmowo,B站少一些小学生是好事,null,5-28 11:27,
不是禾斗匕禾页M,六一礼物？？？,null,5-28 11:27,
妈妈说微博名字太长会被怪叔叔圈,哈哈哈哈拍手叫好,null,5-28 11:27,
从不随风而去,我觉得成年人也该有个系统，有的成年人比未成年人还沉迷,null,5-28 11:26,
丷我妻由乃,能不能有个年龄限制啊…手持身份证拍照之类的，救救成年孩子吧……救救网站吧,null,5-28 11:26,
雨的角落,就算是防沉迷，也是需要打开手机看的。一样的用手机，换汤不换药。从源头出发，整治各种综艺节目，造星平台。你看看。都把孩子霍霍成什么样子了,null,5-28 11:25,
Daddy-sLilMonster,我希望我也有防沉迷,null,5-28 11:25,
枫桥寒夜,成人沉迷就不管了吗？救救我,null,5-28 11:25,
尼斯湖旁的手指甲,小孩一哭有些大人就受不了了,null,5-28 11:25,
青川广播电视台,【国家网信办：网络视频平台全面推行青少年防沉迷系统】,null,5-28 11:24,
SEXONTHEBEACH,放个假还不准孩子们看看电视剧？？,null,5-28 11:24,
荒荒荒荒念,只有爱奇艺腾讯跟B站。97年的我仿佛老年人…建议再加大力度整治一下快手什么的里面那些低俗内容吧,null,5-28 11:24,
is周周周周周周,能不能直接分级？可以解决好多事情。你们就是为了自己的利益不顾大众的合理诉求呗,null,5-28 11:24,
今迷醉吸猫ting7,说真的，我沉迷的不是视频游戏，而是手机这个载体。你限制视频，但总有其他娱乐方式在手机里，管一管手机才是真的，来自自己的切身体会,null,5-28 11:23,
陈木乱,神经病,null,5-28 11:23,
我听闻女施主一个人一个人,没买会员之前说充会员免广告，充了会员把广告换个名字叫推荐，呵呵，真是道高一尺 魔高一丈！,null,5-28 11:23,
一厘米的键盘,所以电影电视剧小说动漫什么时候也出台一个青少年防沉迷，救救我们行业和大人？,null,5-28 11:23,
迪迪迪迪Kiu,什么时候能分级啊,null,5-28 11:22,
新生儿vx,国家也就尽管这种破事,null,5-28 11:21,
呀是牛肉,还是要有大人盯着才有用 没人盯着有屁用…,null,5-28 11:21,
大大大大怪江军,我都快成年了,null,5-28 11:21,
新生儿vx,this is China,null,5-28 11:20,
开自行车的阔爱酱,微博应该拥有姓名哈哈哈哈哈哈,null,5-28 11:20,
新生儿vx,给爷整笑了,null,5-28 11:20,
shui里有怪兽firsty,28岁，只有爱奇艺跟腾讯看动画片，其他都没有，是不是有代沟……,null,5-28 11:20,
和果子laka,行吧，只有青少年没有成年人,null,5-28 11:20,
三湘名博沙龙,转发微博,null,5-28 11:19,
-何大江-,但联合国教科文组织规定24岁以上就不是青年了怎么办。,null,5-28 11:19,
兰博布鲁斯,7x24小时新闻联播，从不换台，无比自豪,null,5-28 11:19,1
哆啦A-梦里梦到醒不来的梦,我觉得大人也需要防沉迷了,null,5-28 11:19,
平行音阶,?????,null,5-28 11:18,1
我很怪zzz,分级制度也请尽快出台,null,5-28 11:18,
梦里-烟花,儿童节礼物？,null,5-28 11:18,
地表最强LC,我认为还应该把这些所有平台结合起来，要不然的话每个平台玩一会儿，算下来还是沉迷,null,5-28 11:18,
非专业学徒,我开启青少年模式都给我推送的什么,null,5-28 11:18,
诺Se7en,那电视台怎么办，是不是也要给电视台防沉迷？,null,5-28 11:18,
AKIForever,分级别！！！赶紧推行！,null,5-28 11:17,
我是猪排盖浇饭,分级吧,null,5-28 11:17,
w洛衣w,微博也有个青少年模式，但是感觉也没什么用啊,null,5-28 11:17,
地表最强LC,点赞,null,5-28 11:16,
圈真无聊,以为大家只沉迷视频网站吗,null,5-28 11:16,
李真颜,@DaoWrATh 小朋友快看,null,5-28 11:16,
舔尾巴的小考拉,什么时候出成年人防和谐系统？,null,5-28 11:16,
一脑袋高粱花子,还好我成年了,null,5-28 11:16,
屯田大夫,关键是家长不要给熊孩子手机,null,5-28 11:16,
大连户口身份证,【国家网信办：网络视频平台全面推行青少年防沉迷系统】,null,5-28 11:15,
阿阿阿peng啊,下一步是不是可以搞分级,null,5-28 11:15,
艾艾tiger-su,主要还是看家长吧 我弟拿我的qq登录王者荣耀 。。。,null,5-28 11:15,
东宝会社,怎么防？,null,5-28 11:15,
是白柏啊,终于有点进步了,null,5-28 11:15,
一记漂亮的倒挂金钩,分级啊！！！,null,5-28 11:14,
江湖诱人小骗子,救救成年人吧,null,5-28 11:14,
再见老久,家长也要担起责任,null,5-28 11:14,
Ms_PigLet,怒赞，小孩看里面的动画片和玩游戏上瘾了，不给玩还发火，正愁为何没有儿童模式,null,5-28 11:14,
米三停止买书,绝望……,null,5-28 11:14,
莎莎san,这是要开始分级了吗？还不如弄个成人版的。,null,5-28 11:14,
听说名字长的女孩子都长得漂亮,。。。手机不是家乡给孩子的？,null,5-28 11:14,
活该不要徘徊,Xswl,null,5-28 11:13,
手残小剑圣,那可不可以顺便分下级，我不想再看放大、删减、马赛克的画面了，看动画图个乐也不行,null,5-28 11:13,
我来找猫了,有用吗,null,5-28 11:13,
你想网恋吗,那能不能搞一个成人模式,null,5-28 11:13,
广州天体售票员,你们玩完他咯，视频APP也加入防沉迷，煲个剧都不行了？,null,5-28 11:13,
一堆肉的李老大,但青少年不点咋办呢？？？,null,5-28 11:12,
你说的琦是什么琦,幸好我已经不是青少年了话说什么时候小说也可以分级，别一刀切了,null,5-28 11:12,
三国杀3V3专业边锋是也,中国不配拥有成年人,null,5-28 11:12,1
-方阿,我看的他都。。@一只尧Y,null,5-28 11:12,
杨云光会越来越好的,B站现在的视频内容尺度问题越来越大了，互联网的分级制度早日出台。,null,5-28 11:11,
究极自闭呀,给力嗷，六一儿童节大礼包,null,5-28 11:11,
缓释布洛芬,净整些没用的,null,5-28 11:11,
碇烧鸡,算了吧，搞这个，懒得按年龄段分级。。都是瞎搞。他拿他爹妈的不就完了吗,null,5-28 11:11,1
_跟上司机的车车,请问啥时候研究一下分级呢？,null,5-28 11:11,
颖CLOSE,成年人也需要,null,5-28 11:10,
在妖化,进步一点点，分级快一点,null,5-28 11:10,
妙玉如筠,b 站。。。。?先整理微博吧！,null,5-28 11:10,
Lisa是魔鬼,还不错哦,null,5-28 11:10,
主播国洋,跟视频有啥关系，要指导的是熊孩子,null,5-28 11:09,
金开诚围挡厂家直销,看来我需要给自己设置青少年模式,null,5-28 11:09,
弗朗西斯09,b站不就是用来补番的吗。。。。。,null,5-28 11:09,
旺仔小楠瓜,A站还在吗？,共1条回复,5-28 11:09,
yt的天子笑,真开心，我不是儿童,null,5-28 11:09,
游九天丶龙,主要还在家长，别把手机扔给孩子就啥都不管了。,null,5-28 11:09,
三秦头条2019,邻居的小孩，早已经不唱“太阳当空照”了，真的“我们不一样” ！,null,5-28 11:09,
我还是得改改名字啊,请问什么时候推出成人模式？我们可以拿身份证认证没问题,null,5-28 11:09,
看看大家在干啥,我能说赖父母吗？你不玩手机，家里网断了行不行？家里没有孩子玩啥？一个个不愿意哄孩子，拿平板给孩子看的时候脑子都进水了！自己都不做榜样，还指望社会来管制？,null,5-28 11:08,
Dandrane516,应该再有个禁止青少年系统,null,5-28 11:08,
吳漢文,不登录也能看的啊？？？？或者用家长手机号注册不就行了，这怎么防止沉迷,null,5-28 11:08,
SUKI-RAFA,我觉得我需要……整天沉迷B站,null,5-28 11:08,
爱笑的小七加油,支持！至少国家努力了，剩下的就是自己的事了。,null,5-28 11:08,
real樱花草,感觉没用啊，让自己选择青少年模式,null,5-28 11:08,
JuinCitron,还是要看家长的监管,null,5-28 11:08,
不想说话也不想笑,早该整治了。,null,5-28 11:08,
纸缘维尼,人面识别年龄,null,5-28 11:07,
翟先生和Chris,给力，终于没有小学生了,null,5-28 11:07,
Q看世界Q,分级很难吗？,null,5-28 11:07,
钟子嵇,作业太少了？学校管的太松了？多打几次就好了网站有啥大错吗？自制力太差，就怪诱惑太多吗？,null,5-28 11:07,
北冥有条大鱼游来游去,干的漂亮,null,5-28 11:07,
烤鸡蛋烤,要是不和人脸识别挂钩的话，效果不大,null,5-28 11:07,
容大嬷嬷的小黑屋,分级制度不能建立一下吗？全员吃儿童套餐有意思吗,null,5-28 11:07,
源来如此200210,支持,null,5-28 11:07,
PZ要努力,我求求政府了，赶快分级好么,null,5-28 11:06,
xkl_sy,有个len用咩 有条毛既分级制度吖,null,5-28 11:06,
2019nicer,,null,5-28 11:06,
羽隹xy,沉迷最深的还是游戏…,null,5-28 11:06,
RinTotsuka,分级阿，你不分级怎么知道是不是青少年,null,5-28 11:06,
快来让我吃一口,这些APP到底面临着什么样的年龄群体。,null,5-28 11:05,
晒妹大魔王,我A站不配拥有全名么,null,5-28 11:05,
我觉得我还未觉醒,别让爹妈们这么忙，号召他们管管孩子，不行就给爹妈上上课，都是第一次做爹妈，心里都没谱。,null,5-28 11:05,
guoxiaohong0825,防沉迷,null,5-28 11:05,
糊辣圈,要的真能借此分级就好了，保护一下成年人吧，996够辛苦了,null,5-28 11:05,
第四主教,...至少以后哪个家长再拿那些理由的话，更能反驳是他们的问题了，然并卵就是了,null,5-28 11:05,
双大宝双小宝,哈哈哈好厉害，这个儿童节礼物棒！,null,5-28 11:05,
斯莱特林准研究生,也给我出个防沉迷吧我也出不来了,null,5-28 11:05,
无作非为,感觉没啥用啊,null,5-28 11:04,
Cassie大越越,想要中年防沉迷系统,null,5-28 11:04,
爱爆炒龙虾,怎么防？,null,5-28 11:04,
琪缘明,"新浪微博:帮你点赞都是微博色情帐户,怎么不管",null,5-28 11:04,
小熊不是我呀,好朋友的女儿抖 音入魔了，手机在手就刷逗音，家长一没收跟失魂落魄一样，我们外人看着都心惊,null,5-28 11:04,
fuckingjian,六一快乐就完事了,null,5-28 11:04,
绿间真太郎囍高尾和成,@想透程咬金 @塞巴斯是我的酱,null,5-28 11:04,
婧祎的守护者之一,本人很幸运不是未成年,null,5-28 11:04,
阳光男孩02493,真的会上瘾，管不住自己,null,5-28 11:04,
笨笨呆养的福宝,阅读网站也可以这样啊 实名认证未成年就看未成年可以看的咯,null,5-28 11:03,
没错是没错吖,还好我成年了,null,5-28 11:03,
请叫我-HQJ,如何防沉迷？？？玩手机时间常常失控的我非常需要！！！,null,5-28 11:03,
__Vitamin-C,对不起，我的关注点在……a站还活着？,null,5-28 11:02,
糖葫芦味儿的冰淇淋,分级分级分级分级分级分级分级,null,5-28 11:02,
保安部王队长,建议给家长也安装一个，自己玩手机不管孩子，孩子也只能玩手机了。,null,5-28 11:02,
豹肥阿宅,电视剧，电影，游戏，书籍，所有的文娱设施都应该年龄分级才好,null,5-28 11:02,
呵呵杨杨额,再让你们分有线电视的蛋糕,null,5-28 11:02,
松松松子啦,？？？,null,5-28 11:01,
w星空下有你,怪不得我今天去b站下载。喜欢的爱豆的图片都下载不了了。,null,5-28 11:01,
欢脱的石榴,那为啥不直接分级呢,null,5-28 11:01,
逐渐陈哥化的浩南,铁汁萌，泥萌8得好果汁吃。,null,5-28 11:01,
劉雙江嗯,干得漂亮,null,5-28 11:01,
0没忘0,孩子拿父母或者大人的身份证验证，这个问题怎么解决？,null,5-28 11:01,
树知了,我想给我妈弄一个，叽里呱啦太烦人了。,null,5-28 11:01,
Mr__李辉,片前的广告更应该整治一下了，,null,5-28 11:01,
锦毛鼠x,微博呢,null,5-28 11:01,
Irene-始知相忆深,还好我成年了,null,5-28 11:00,
擎擎cheng,防沉迷应该用身份证，银行卡，手机号，人脸识别，回答几个问题进行认证，也方便充钱,null,5-28 11:00,
长安归故里唯不见长安,a站是啥啊。。。。。对不起，我太落后了,null,5-28 11:00,
陶心昊,让B站小学生少点，这非常好,null,5-28 11:00,
悦享金服,如果小孩子把上面的视频平台都下载了，每个平台就算看1小时，一天还能看18个小时，怎么防沉迷,null,5-28 11:00,
五目炒饭之神i,管管孩子叭,null,5-28 11:00,
Pay啵啵,@One_Star__ 韩颖,null,5-28 11:00,
EasonLibra,真想管的话，广电总局应该赶紧把电影分级定下来,null,5-28 11:00,
黄桃山守望者,app端开启前置摄像头识别就可以了,null,5-28 11:00,
主播张东,支持,null,5-28 11:00,
看是我吧,6 1儿童节的礼物,null,5-28 11:00,
C1awn,日活xx，每日使用时常xx，同比增长xx,null,5-28 10:59,
康奔,简单，每看一段视频前先放5分钟不可跳跃的新闻联播节目，之后还要回答问题，一道答不对就要再看一遍。直到全答对了才能看视频。,null,5-28 10:59,
王丁克2,哔哩哔哩,null,5-28 10:59,
MrMr_玉面小惠集,哈哈哈哈哈温室里的花骨朵,null,5-28 10:59,
佛道兼修的碗女士,救救成年人吧,null,5-28 10:59,
炫炫的雨泽,好像只有最新版本才有吧。那只要不更新不就行了嘛！,null,5-28 10:59,
猫大人·驾到,提问！如果实名制的话，十六岁十七岁但是已经上大学的，被这么压着多委屈啊,null,5-28 10:59,
jiao116899,很多都有了,null,5-28 10:59,
人生重定向,没什么用，上有政策，下有家长不引导，更有家长根本不管孩子只管举报,null,5-28 10:59,
邵琦Leo,你可以不让他玩不让他看，但是没办法不让他想,null,5-28 10:59,
动次大次动次大次boomboomboom,这个真是一份好的儿童节礼物呢,null,5-28 10:59,
朗基努斯枪,我大a站居然上榜了 ，我以为都快亡了,null,5-28 10:59,
水心园4号桃朵朵喵,赞👍,null,5-28 10:59,
溜肩的小仓鼠,又要实名制，看个视频还要身份证分级我还可以理解，到处都要身份信息，迟早泄漏完,共1条回复,5-28 10:59,
芋圆鱼丸儿,,null,5-28 10:58,
nowpresent,作为一个成年人我也很容易沉迷,null,5-28 10:58,
郭丙乾fk,建议给所有人都防沉迷,null,5-28 10:58,
白银彤丶,拥有模式之后还应该配套家长教育视频宣传片啥的，要不然孩子还是用家长的身份信息各种玩,null,5-28 10:58,
赵成鑫要加油啊,大学生也需要,null,5-28 10:58,
DL---大霖,哈哈哈哈哈 时间不是问题 问题是全民素质,null,5-28 10:58,
一一直在追逐,意思不过节就不管么,null,5-28 10:58,
宾子要学习了,验证我是成年以后是不是能看点不一样的,null,5-28 10:58,
耀耀耀耀切克闹一起嗨,网信粑粑,null,5-28 10:58,
以沫Flora,我儿子知道换一个APP继续看,null,5-28 10:58,
夏天的芽衣姑凉,a，b站动漫可别给我停了……其他随便禁,null,5-28 10:58,
JJ是我们的哥哥,开始了 支持这样的做法,null,5-28 10:57,
kittenmmm_,给个成人版吧考虑一下分级吧,null,5-28 10:57,
墨守忘川,求求你们也多管管学校的APP吧，孩子要疯了,null,5-28 10:57,
Leeyn嗯哼,@圈圈爱井一生,null,5-28 10:57,
蘸牛肉丸的豆瓣酱,治标不治本，什么时候出等级制度啊，为了保护那些没人管的小孩而损害有分辨力的成年人的利益，服了,null,5-28 10:57,
不如一起学习,大快人心啊，哈哈哈哈哈,null,5-28 10:57,
Mayuhe,支持！,null,5-28 10:57,
青之藤萝,觉得现实生活太残酷，他们只能在这里沉迷！,null,5-28 10:57,
胡萝卜配青椒,有没有防老年人沉迷模式,null,5-28 10:57,
天牙-天曌,太好了，妖魔鬼怪似的，毁了下一代。还有那些网红，直播购物，都该制约。,null,5-28 10:57,
索然无味暴躁金,送给小朋友的大礼包！刚好超龄，愉快的继续在各大网站逛荡！,null,5-28 10:57,
动感超银da,孩子都是用家长的手机,null,5-28 10:57,
妈妈说名字长在哪都是焦点,哪个青少年会沉迷于梨视频😂,null,5-28 10:57,
神奇的周正义,呃，实际年龄20+，心理年龄5岁，算成年吗,null,5-28 10:57,
dearJiam,必须的。,null,5-28 10:57,1
魔幻天秤87831,主要是看家长怎么教育吧！,null,5-28 10:56,
辣辣lD,感觉这些孩子真是麻烦啊（╯‵□′）╯︵┴─┴,null,5-28 10:56,
纡屿,把手机收了不是更好吗？？？？,null,5-28 10:56,
食甘寝寧Z,,null,5-28 10:56,
睡不醒的调调,看个视频都防沉迷了？,null,5-28 10:56,
gghhhhdsc,请把小视频管理下，孩子天天看上瘾唱上面洗脑的歌,null,5-28 10:56,
馨想知道2019,不仅青少年需要防沉迷,null,5-28 10:56,
丑丑徐丶,家长不要纵容才是最重要的,null,5-28 10:56,
RondoMok,别误伤咱成年人就行,null,5-28 10:56,
xiaopadiu,直接封了不是很好，哈哈哈,null,5-28 10:56,
竹林听风Orchid,全部实名，未成年人打不开软件,共1条回复,5-28 10:56,
ERE05061,平台如果只知道赚钱那真是失败,null,5-28 10:56,
你家钊哥,干得漂亮,null,5-28 10:56,
Aikon_ZX,Wdnmd,null,5-28 10:56,
云析月兮,分级不可以嘛。。。。。,null,5-28 10:56,
桃李一壶,,null,5-28 10:56,
这个家伙真懒_,那具体是怎么实施呢？现在三年级的小朋友刷某音顺手的很,null,5-28 10:56,
Dec雨月,我侄子玩游戏用他妈妈的号，这个怎么防沉迷,null,5-28 10:56,
小三岁-,支持,null,5-28 10:55,
38324abc,看完这个APP再看另一个APP怎么整,null,5-28 10:55,
如果我看到地狱,十年前就有防沉迷了，可挡住我们了吗,null,5-28 10:55,
白麟K,分类有点儿奇怪吧😂AB站也属于网络视频平台，不只有短视频的呀,null,5-28 10:55,
纡屿,？？？？？？？？？？？？,null,5-28 10:55,
晨阳枫叶,好棒的举措,null,5-28 10:55,
墙头很多的我,@锦鲤锦鲤呀m,null,5-28 10:55,
留小小_,支持,null,5-28 10:55,
卟卟的磨牙棒,救救网站多管孩子吧,null,5-28 10:55,
若影玄诺亦随遇,固定时间踢下线吗,null,5-28 10:55,
柚子芽呀,,null,5-28 10:55,
DEER_DAWN睿,漂亮,null,5-28 10:55,
何易无忧,只有b站,null,5-28 10:55,
夜雀_为花哥爆灯,期待已久的分级？,null,5-28 10:55,
布丁luck-,游戏也要整治啊,null,5-28 10:55,
ZEH亱臨,分级也gkd,null,5-28 10:55,
我要干净舒适的生活,挺好,null,5-28 10:55,
辞辞Paranoid,虽然我已经成年了 但是我还是想打个？,null,5-28 10:55,
Dyulerlorm,好,null,5-28 10:55,
DEER_DAWN睿,？？？,null,5-28 10:55,
锦鲤小哥,刚刚发现微博也有青少年模式了,共25条回复,5-28 10:55,742
有形De翅膀,儿童节🎁,null,5-28 10:55,1
大王Huo事了,嘿嘿,null,5-28 10:54,
超神阿卡曼不是人,支持,null,5-28 10:54,
今天开始要开开心心哒,分级？,null,5-28 10:54,
zxcvbnmmnbvc,啥时候把微博管管.....一堆辣鸡信息营销号,共25条回复,5-28 13:46,1821
小子放学别走啊,微博该管管了,共6条回复,5-28 13:46,797
铝单板厂家低配吴彦祖,为啥不给成年人也来个成年人模式,共27条回复,5-28 13:48,509
·我是个游客,已经做的够好了，玩儿不玩儿就是家长孩子自己的事情了,共5条回复,5-28 13:46,201
是韩佳钰,请从微博做起 真正的管控好 请加强举报和处理 拜托了最伤害未成年同时也是“未成年”最多的平台 在这里,null,5-28 13:49,153
2019等你捧杯,快手跳过防沉迷吧 直接🈲️了吧,共18条回复,5-28 13:46,120
赵老宽呀,防沉迷…游戏里的防沉迷再严格点吧，别让孩子坑我了,共5条回复,5-28 13:48,81
贵士留学工作室,各部门请注意，小学生要放假了,null,5-28 13:48,61
爱听相声的安娜贝尔,不光这些，微博也改管管了,null,5-28 13:48,50
净正心,这样就可以管管某蔡粉丝了,共7条回复,5-28 13:49,50
先当我哥的妹妹,顺便把微博风气也整理一下吧,null,5-28 13:49,22
孤独也是美丽的,分级吗,null,5-28 13:46,19
如慕安凉,说实话作为一个成年人我都觉得某些搜索引擎无处不在的低俗广告真的无法直视，严重影响未成年人身心健康。,共1条回复,5-28 13:52,26
凌动未来科技工作室,我觉得，应该还是要在教育上下功夫，好在学校不让带手机，但是在我看来，学校应该是教育孩子如何正确使用手机的地方啊，强制禁止就像性教育问题一样，反而会让孩子无知，放假放学后往死里玩，所以，教育才是根本，但是反观我们的教育。。。。。无语,共7条回复,5-28 13:50,28
却坐在今年里,微博该管管了 乌七八糟的,null,5-28 13:49,12
_金小瑶_,还好我成年了,null,5-28 13:46,9
MD_荣,微博也该整理了,null,5-28 13:49,7
怀旧系bot,刚看的时候还有点担心自己被防沉迷 后来一想我已经成年了不好意思,null,5-28 13:47,7
迷恋呀,痘印防沉迷是真的需要，停不下来,null,5-28 13:47,7
一个超酷得文科生,救救网站多管孩子吧,共1条回复,5-28 13:46,6
爱好是学习诶,虽然我已经21岁了，但是我觉得我需要啊！,null,5-28 13:49,5
威维尾味伟,祖国的花朵需要更干净的世界,null,5-28 13:47,4
鲤榆林,放假才追剧的怎么办,null,5-28 13:49,4
宇宙粉红泡泡_JT,9012年文化大革命？搞笑,null,5-28 14:39,6
小阿柔柔柔Allen,都该管了,null,5-28 13:53,2
幸运哥,确实该整顿了,null,5-28 13:50,3
凌动未来科技工作室,适应的年龄范围是？,null,5-28 13:48,3
雪球君关爱实在人,有毒吧？,null,5-28 13:46,2
江小白不加冰,等等？腾讯视频，电影都不让看了？,null,5-28 13:50,5
Soul-vic,啥时候管管那些过嘴瘾的造谣yxh呢,null,5-28 13:52,3
Soul-vic,啥时候管管那些网络暴力的人呢,null,5-28 13:51,2
走在至富路上的羔,微博管一管吧 网络暴力管一管吧,null,5-28 13:49,2
-Mikrokosmos7,但是不都是用爸妈手机的吗,null,5-28 13:47,2
张儒诚,从刺激战场的翻车经验来看，脑子有毛病的，不是专业人员，也不是监管部门，更不是玩家，真的是天天嚷嚷着教坏小孩那帮家长......,null,5-28 18:53,4
幻云神隐,怎么防沉迷呢？俩小时自动下线？然后换个号继续？,null,5-28 15:21,3
宇宙粉红泡泡_JT,真他妈闲的无聊有病吧,null,5-28 14:38,4
Yang_似雨轻追,前提家长自己能离开手机，离开网络，能以身作则吗？相信应该很多人都会回答不可能吧,null,5-28 18:23,3
你你我我他他你我,能实名制分级么 成年人也需要空间啊,null,5-28 16:29,2
大头小张zhang,难搞哦,null,5-28 14:23,2
花花稳单,支持，小孩子自制力比较差,null,5-28 14:16,2
无10226,支持，虽然不可能完全管着，但肯定会有一定的作用，有例外是肯定的，所以不用说那些特例了，就向做的事会犯法如果没有这个法律，做犯法的人就会更多社会会更乱，没有什么是无缘无故的决定，现在的小孩都更早的解除网络，不愿意出去走走身体素质都会一代比一代差。,null,5-28 20:23,2
我是校花美女,就是,null,5-28 14:24,
花几万,快手直接查封,null,5-28 14:10,4
嘉伦有情吾有意,微博,null,5-28 13:49,2
裴言这个名字怎么可以这么好听,儿童节最好的礼物,null,5-28 13:48,3
惠慕李,我杀我自己,null,5-28 13:46,2
九十亿的德罗森,能强制让那些小视频应用出个“憨批模式”，在公共场合外放五分钟自动关闭吗？,null,5-29 10:17,2
歌乐行者,国家网信办：网络视频平台全面推行“青少年防沉迷系统”,null,5-28 15:31,1
心随运而安,跪求微博实名制，让黑营销号消失吧,null,5-28 14:13,2
风林雨lucky,百度呢？,null,5-28 13:49,2
鸡蛋一石头,可以有,null,5-28 13:47,1
Kevin随风,上不上的没用，作业太多，没时间看,null,5-28 13:47,2
胡家菇娘Ge,确实是需要这样的系统，但青少年还是需要了解实时的，关注民生,null,5-28 13:47,1
没人要的小矮子,分级,null,5-28 13:46,1
梦和糖果,这啥？,null,5-28 13:46,2
Elliot_Zh,不应该内容分级？脑残低智商的综艺 电视节目不让小孩看？,null,5-29 09:07,1
幸许是这样,忽略更新,null,5-28 21:51,1
世界第一日漫痴,建议把bilibili禁了，教坏青少年,共6条回复,5-28 19:34,1
郑屹,b站看剧也要啊？,null,5-28 16:48,1
想要一只狮子座,怎么没有QQ,null,5-28 16:44,2
雨喁喁鸭,我还有半年就不受控制了真好（趁这几天好好玩，留给你们的时间不多了）,null,5-28 16:14,1
张丶小张丶,色普瑞斯！六一儿童节礼物，小孩看到肯定开心的不行！哈哈哈哈哈哈哈哈哈哈或,null,5-28 14:40,1
邓向Dansher,恕我直言，我只有微博，腾讯，爱奇艺,null,5-28 14:04,2
江户川晴明,以下为博主精选评论,null,5-28 14:03,2
拾柒Komorebi,还好没有我的知乎小红书网易云,null,5-28 13:51,1
闪闪惹人爱mxs,确定能防？？？,null,5-28 13:49,1
-今天dys出团综了吗080,,null,5-28 13:49,1
六爷97338,微博的买热搜,null,5-28 13:48,1
Protect_env,建议微博娱乐圈新闻和实时新闻分版块,null,5-28 13:48,1
晓_派大星,快手直接禁了吧，毒害国人,null,5-28 13:48,1
梦忆晨夕2015,只玩微博,null,5-28 13:48,1
刘秋橘,这个没啥用,null,5-28 13:48,2
葡萄糖转移酶,你会发现多了很多五几年六几年的老年号，看着只有年轻人经常看的视频,null,5-28 13:47,1
霉茜,六一礼物:青少年防沉迷系统,null,5-28 13:47,1
四六级女孩,还是会用爸爸妈妈的手机玩 没啥用感觉,null,5-28 13:46,1
独孤波啦啦,6.1儿童节来这个,null,5-28 17:54,
景裕怜,我用微博看的这条消息,null,5-28 16:37,1
甜麼,bilibili快点实行分级制度吧 我不想看阉割版的日漫了,null,5-28 15:09,2
Remilia______,家长不管全靠平台 出事还怪平台,null,5-28 15:08,1
Cool儿_vv,划重点：青少年防沉迷系统需要依靠用户自主选择才能发挥作用。自己选择防沉迷可还行？,null,5-28 14:01,
招主播的山鸡哥QAQ,有啥用？我弟几年前就记他住爸身份证号了，倒背如流,null,5-29 12:39,
小梦在大连,也有微博,null,5-28 23:38,
摇曳风铃·倩児,微博为什么不在名单？后台这么强大？,null,5-28 23:36,
自闭的魏,专属内容池？我寻思现在不是9012年了吗,null,5-28 21:09,
希莉雅的虚幻世界,有些营销号头像也是一言难尽,null,5-28 20:04,1
MinMIN___,举手赞成管管微博吧,null,5-28 19:54,
密粒格粒螺,微博还整理了,null,5-28 19:47,
她的隆猫,微博好多买片,null,5-28 18:36,
一只小飞侠耶,这种管了也没用，还是可以拿家长手机，还是看孩子自己到底上不上瘾,null,5-28 18:22,
芒果娱乐影视,微博呢,null,5-28 17:48,
说谎的人要喝一万瓶巴婊莉香水,真是一份大礼,null,5-28 16:53,
大亦z,耶 我成年了,null,5-28 16:39,
pandyee,管管微博吧,null,5-28 15:49,
L_keeee,bilibili干杯🍻,null,5-28 15:31,
kwenchangnayo,像我这种老年人沉迷网络的怎么办，也想请求帮助,null,5-28 15:18,
怪到积德,@whocallme呀,null,5-28 15:12,
Chang_Zhang,还好我成年了,null,5-28 15:09,
無計多舛,转发微博,null,5-28 14:57,
护肤-辰妈,这一项好,null,5-28 14:53,
__jllove__,微博热门就该管管！乱七八糟的东西,null,5-28 14:41,
凡事慢慢来,快手该管管了，都是些什么信息。,null,5-28 14:34,
你的可乐宝贝,,null,5-28 14:29,
红与黑的碰撞Conan,幸好我已经是成年人了,null,5-28 14:29,
姜铭JM7,为啥看电视的APP也要搞,null,5-28 14:25,
姜铭JM7,微博青少年模式？我？,null,5-28 14:25,1
N滴小姐姐,各部门请注意～小学生要放假了,null,5-28 14:24,
一个文艺婊的碎碎念,希望开个防青年沉迷系统吧我需要被制约,null,5-28 14:24,
OhhhhhBoy,微博……,null,5-28 14:24,
你什么时候跟我回家,救救吧,null,5-28 14:23,
小财迷就是me,恩支持,null,5-28 14:23,
蕾佳娜嗷,那我看电视剧电影番剧怎么办？几个小时的电影看到一半强制下线？,null,5-28 14:20,
泽鄞,操碎了心,null,5-28 14:19,1
放下我的叽小萌,有几个大人知道小孩在玩啥，不都是背着玩的么,null,5-28 14:16,
超甜小野马-,微博也管一下吧,null,5-28 14:16,
竹竹子君,家长多管管吧 关APP什么事情,null,5-28 14:14,1
小猫跑掉了-,支持,null,5-28 14:07,
萌萌的月芽子,2-6-7-8我有下载，其他没有,null,5-28 14:07,
Kasey_0219,非常有必要,null,5-28 14:07,1
FAIRYLAND_TienJSY,微博乱推的黄色漫画 我一个成年人看到都觉得很烦很暴躁很低俗 喊了这么久 爸爸啥时候能给管一管？,null,5-28 14:05,
SYC妳曾是少年,小孩子就不应该玩手机!,null,5-28 14:01,
ww_wmy,大人防沉迷有嘛？,null,5-28 13:59,
安承,市场经济下，这种方式治标不治本，上有政策下有对策，只是响应一下而已，过几天该怎么样还是怎么样,共1条回复,5-28 13:58,
孙大桃儿,支持一下,null,5-28 13:57,
老王爷333,早该管了天天熬夜看快手管都管不住孩子,null,5-28 13:57,1
KeplerrrXXN_,？？？,null,5-28 13:57,
Fionaismiier,微博整天推送yhsq的微博小说和所谓摄影博主可不少,null,5-28 13:56,
吃素的小海鲸,宣传推广是必要的，其次是家长和孩子们本身了～,null,5-28 13:56,
谢小虫_,短视频真的成瘾性太大了 游戏还需要操作 而这个完全不用点,null,5-28 13:56,
一叶翩ZZ,zha 浪也该管管了,null,5-28 13:56,
勺勺嗷,哈哈哈哈哈哈哈哈还好还好我早成年了,null,5-28 13:55,
梵莲生,全网整治最好，还网络一片净土🙏,null,5-28 13:54,
专业偷井盖值得信赖,啥时候给这群孩子更新个分级制度就更好了。,null,5-28 13:54,
无糖奶瓶,微博也该管管了,null,5-28 13:53,
奈良樱花树下的鹿,救救游戏，多管管孩子吧。,null,5-28 13:53,
种片桃林喂奶狮,采取了措施总会好一点。希望未成年呆的网络环境可以好点。,null,5-28 13:52,
究竟是谁盗了谁的号,小孩也玩微博吗,null,5-28 13:52,
流霞瑶觞椒花雨,都是治标不治本，直接把孩子全部隔离就全解决了,null,5-28 13:51,
森林益母草,希望可以进一步加强网络平台监管🤗,null,5-28 13:51,
一梦玲珑醉熙月,,null,5-28 13:51,
soneration_,你们在微博上吐槽微博,null,5-28 13:51,
娱乐C位,成年了,null,5-28 13:51,1
39号牧羊人,……,null,5-28 13:51,
冤枉娱乐,管管微博吧,null,5-28 13:50,
WengShiyuan_,真的是好的儿童节礼物呢,null,5-28 13:50,1
米线真好吃,干脆分级吧,null,5-28 13:49,
云风起,祝大家六一快乐,null,5-28 13:49,
丨蔡小葵丨妈妈-cici_,微博呢,null,5-28 13:49,
PG絮,这算六一礼物吗,null,5-28 13:48,
那些年一起乐,为什么封bilibili,null,5-28 13:48,
山西大醋王,还好我成年了,null,5-28 13:48,
不过普本线不改名,不是……我还有一年呢……,null,5-28 13:47,
降E夜曲,没啥用还是培养孩子自控力更重要点,null,5-28 13:47,
张浩hhhh,大家都去YouTube了,null,5-28 13:47,
六安事儿,,null,5-28 13:47,1
龙哥的睫毛长又长,我成年了，我也需要防沉迷太可怕了，坐这儿刷了两个小时微博了,null,5-28 13:47,
重在参与可好,管管微博吧,null,5-28 13:47,
浮笙梦箜,谁会自己同意，怎么判断,null,5-28 13:47,
real_lry,？,null,5-28 13:47,
沅芷_,？这都有防沉迷,共4条回复,5-28 13:46,
一粒土,该管,null,5-28 13:46,
林季棠啊,。。。。,null,5-28 13:46,
本人天蝎座的小熊,说句实在的话，这样就能保证未满十八上不了吗，不应该加大力度管一管信息倒卖？,null,5-28 19:08,1
v琦琦v,这期视频工具的锅吗？？？这难道不是用视频工具的人的问题吗,null,5-28 16:39,1
Cc花糖心,为什么弹幕没了？？？？,null,6-4 07:07,
科末九,真的好烦啊……麻烦尽快落实分级吧好吗？ 我国未成年人受众还能比成年人多了？就没人管管成年人的感受吗……某些低龄化的视频平台那言论都没眼看 结果光一个劲限制成年人了,null,6-3 03:23,1
乖乖的豆豆丫,今天就没有弹幕了看得我好难受,null,6-1 14:34,
济南信息工程学校,转发微博,null,5-30 05:05,
KOOREBIO,把b站弹幕都吓没了,null,5-29 23:44,
刘笙刘,治标不治本,null,5-29 22:50,
是个橘色桔子呀,我喜欢b站。学了很多知识,null,5-29 16:03,
夹克夹克我是衬衫,儿童节最好的礼物,null,5-29 13:25,
MrChenFuH,某手太多低俗视频，建议整治,null,5-29 13:01,
这个网名有8个字,早就该这样，现在各种视频软件扭曲的价值观对青少年的精神危害已经慢慢体现出来了,null,5-29 08:32,
飞龙在天宇宙,该管管了！年纪轻轻，多学点技术,null,5-29 08:32,
有福人爱文玩,上边这些都该管管了,null,5-29 08:12,
Yunlong329,各大银行信用卡分期电话每月打个不停，只要一有消费账单出来就给你打电话办分期费用还那么高，你不说要去银监会投诉，银行就一直每月打分期骚扰电话！,null,5-29 08:09,
良可33,自己孩子不好好管 要我们成年人跟着受罪 管不住就别生,null,5-29 02:00,
someday_in_the_rain,Bilibili是短视频平台吗,null,5-29 01:54,
沧海一笑zzZ,应该隔一个时间段做一次考核，价值观扭曲的禁止进入,null,5-29 01:06,
沧海一笑zzZ,应该好好做一个仿低俗系统，,null,5-29 01:02,
August露露噜噜噜,把带节奏的管管就好了,null,5-29 00:20,
oOsdgluOo,要上个老年人模式 我爸天天看手机入迷了 简直是网瘾来人,null,5-29 00:02,
ExileYan,为什么没有腾讯视频,null,5-28 23:51,
得瑟菜菜,做传销的都在快手里拉人，给主播礼物，让主播帮他们宣传,null,5-28 23:25,
易初ZD,这个可以,null,5-28 23:24,
疯狂的哥88,希望国家对这些平台加征企业所得税，对这些平台的员工加征个人所得税。这就是最好的导向。,null,5-28 23:04,
嘟嘟低八度,能不能给成年人弄个成年人模式，每次都眨眨眼登录那种,null,5-28 22:45,
形容秘密472,小说网站也禁一禁吧,null,5-28 22:43,
小琛琛吃不胖,还好我成年了,null,5-28 22:41,
唯一的星星571,怎么操作呢，好好奇,null,5-28 22:03,
Mooncake猪波小二仁,,null,5-28 22:01,
QQ六十三,谁还不是个宝宝(づ￣ ³￣)づ,null,5-28 22:00,
凭高无限意,太棒了👏支持,null,5-28 21:48,
小兔粽,腾讯系列必须拥有姓名,null,5-28 21:44,
宇花笑,腾讯呢？,null,5-28 21:43,
与灰夫人喝杯茶,管管孩子，救救网站,null,5-28 21:41,
北向35,为什么现在我的思维有些不靠谱呢？为什么在看到这条新闻不是想起这个系统能起到多大的作用，而是潜意识的想到哪个狗屎运又发财了。唉，我思想不对,null,5-28 21:40,
------谁,研发一款学生手机,null,5-28 21:38,
-紫叶李-,好,null,5-28 21:28,
小黑最黑,不喜欢快手,null,5-28 20:38,
圆圆圆四白,强制性实名制,null,5-28 20:20,
野蛮的疯犬,青少年防沉迷，不是未成年人防沉迷，我寻思着包括青年,null,5-28 20:08,
水xinling,,null,5-28 19:34,
Neko一li,啥时候能分级啊,null,5-28 18:39,
烧圣经煮咖啡,未满十八岁禁止上网！,null,5-28 18:36,
Miya落米盐,既然有未成年人模式，那能不能开一个成年模式,null,5-28 18:31,
范范范范h,管管微博＋1，那些营销号带节奏真的是好烦，还有那些乱七八糟的热搜，真的是服了,null,5-28 18:31,
月光少女野骑君,成年人也需要啊,null,5-28 18:07,
Zh_AN16221,成人防沉迷系统也需要有，那种坐在一边玩游戏不带娃的男的,null,5-28 17:58,
Zho憨,幸好我成年了,null,5-28 17:32,
让我再长五厘米,应该的,null,5-28 17:28,
你真不是东西,快手在我们村儿特别火，我家左右邻居都在天天看,null,5-28 17:19,
霁纾,这个六一礼物，有点意思,null,5-28 17:15,
小李梦明,支持,null,5-28 17:10,
武侯应急,国家网信办：网络视频平台全面推行“青少年防沉迷系统”,null,5-28 17:07,
郑屹,pornhub可以开放使用吗,null,5-28 16:49,
本命是个鬼阿,咋没有腾讯的东西呢‘’,null,5-28 16:43,
超新星型小小丶笙,麻烦也给成年人留够空间,null,5-28 16:43,
汤臣-Tommy,央视什么时候上线防沉迷系统？孩子顾着看新闻联播成绩都下降了,null,5-28 16:33,
夜幕下的光亮,分级吗，我成年了,null,5-28 16:30,
成都献血,#实时快讯# 【国家网信办：网络视频平台全面推行“青少年防沉迷系统”】,null,5-28 16:29,
瓇公子,大人也需要防沉迷,null,5-28 16:26,
平安禹州,国家网信办：网络视频平台全面推行“青少年防沉迷系统”,null,5-28 16:25,
·QQ糖,,null,5-28 16:21,
Lilycat喵喵喵,@VamORanGe 儿童节礼物,null,5-28 16:19,
翟丫丫吖,啥时候管管微博的广告推送啊，整天推一堆让人浮想联翩的广告,null,5-28 16:18,
鑫S同学,幸亏我提前成年了,null,5-28 16:18,
文明龙亭工商,转发微博,null,5-28 16:09,
花样年华70135,微博管一下吧，太恶臭了,null,5-28 16:06,
一路凯歌-z,早应该管治了,null,5-28 16:06,
黎荊涯,支持,null,5-28 16:01,
Cross-whole-the-world,怎么辨别用户是未成年人？手机号都是父母的呀,null,5-28 15:59,
子衿鹿鸣食野之苹,最好的儿童节礼物,null,5-28 15:59,
炮膛内的子弹,最好的儿童节礼物,null,5-28 15:56,
厚豆_,都是用家长的号😄,null,5-28 15:53,
馨馨的男盆友,啥时候能把微博营销号管管呢？,null,5-28 15:45,
岛田三子,那在B站上刷网课怎么办,null,5-28 15:45,
金小汶m,玩这些钱来的快 导致现在很多小朋友都学这个 更别说出去工作了 做什么也没有这个钱来的快,null,5-28 15:36,
趙彦-lee,爷爷奶奶号一样用,null,5-28 15:35,
-多雾路段,还好18岁了,null,5-28 15:24,
-知世就是力量,微博？？,null,5-28 15:23,
骑驴东去橘子洲,小孩子要真想玩 你的那个系统起什么屁作用,null,5-28 15:22,
T灵隐雪T,管管孩子。救救大人,null,5-28 15:21,
倩薇姐姐不吃素,所以分级制度什么时候来,null,5-28 15:20,
于我z,赶紧把快手治治了，电商买假东西的太多了,null,5-28 15:18,
9102好想有猫,青年也需要防沉迷,null,5-28 15:15,
孤鸟独帆,关于两个杆子的问题,null,5-28 15:11,
我爱青岛77,成年人更应该防,null,5-28 15:11,
Isolationi,不许动我的bilibili,null,5-28 15:10,
迪爱护牙齿,除了青少年，应该防沉迷的人大把,null,5-28 15:07,
汪颖wyyy,👻,null,5-28 15:04,
倬沂,本来想吐槽坑爹，但是突然惊醒，我好像已经成年了！？？？ what？？？,null,5-28 15:02,
沙坪坝微政务,国家网信办：网络视频平台全面推行“青少年防沉迷系统”,null,5-28 15:01,
小猫不是猫2,我觉得我这个成年人也需要一下防沉迷系统,null,5-28 15:00,
努力爱笑的眼睛,造谣诬陷的没有底线的营销号呢这些可更该禁呢,null,5-28 14:59,
-轻禾-,还好我已经成年了,null,5-28 14:56,
护莲使者x,啥时候吧把微博的那些鸡鸭鹅兔清清就好了,null,5-28 14:56,
ZHANGXIANG_0129,那个选择进不进入青少年模式有个毛用，谁会去点进入啊,null,5-28 14:52,
荷香红糖糕,直觉一咯噔 结果发现自己已经二十岁了,null,5-28 14:52,
tiramisu的幻想,请从微博做起吼,null,5-28 14:49,
呼阿呼阿软煎蛋,还好，我成年了,null,5-28 14:49,
CC隔壁的戏子,都是治标不治本的措施，遮盖住了就相当于没有了嘛，掩耳盗铃。就跟烟盒上面写着吸烟有害健康一样。教育才是根本，不管是通识教育还是性教育，应该从小灌输教育而不是一味地跟瘟疫一样遮盖,null,5-28 14:48,
百樓村的帥小伙,还有yy,null,5-28 14:48,
大头老表,认证要传身份证照，我对平台的隐私安全不信任，所以吗……,null,5-28 14:48,
Jerryvjr,新浪微博也管管！,null,5-28 14:46,
珊杉shava,家长也要管控住啊！,null,5-28 14:43,
金明洙的小老婆,还好我长得够快,null,5-28 14:43,
俟河水清,在，搞个分级啊,null,5-28 14:43,
布鲁斯HLee,六一节给孩子们的惊喜,null,5-28 14:40,
棣棣的大baby_,没有腾讯视频只有微视？,null,5-28 14:40,
云靖风清,首先从微博 百度开始 我想看啥 我自己搜 不小心点进去一个微博 下次会出现好多同类型的微博 怎么屏蔽都不行,null,5-28 14:39,
小董董泽,好消息,null,5-28 14:38,
达达达达达同学,@AcFun弹幕视频网 所以说AC娘没有上榜？,null,5-28 14:38,
二溜咂,信你个鬼,null,5-28 14:38,
凝语hh,把微博首页推荐一堆乱七八糟的广告取消就可以了,null,5-28 14:37,
瑶小瑶yu,微博也要管管了,null,5-28 14:37,
bia唧LILY,九个app我就占领了四个,null,5-28 14:37,
给nee我的小心心,现在家长都牛逼，自己不管自己娃，全甩给社会和网站帮忙管。,null,5-28 14:34,
毛涛涛涛涛涛Queen,我这个成年人也需要来个什么模式限制一下，刷起小视频来就收不住了,null,5-28 14:32,
梅花单,救救微博这恶劣的环境吧,null,5-28 14:32,
Pluto-Pro,我把所有提微博的赞了一遍,null,5-28 14:30,
双涵妈,还是得平常多管教孩子,null,5-28 14:29,
陕西政务新媒体学院,【国家网信办：网络视频平台全面推行“青少年防沉迷系统”】,null,5-28 14:29,1
健康青白江,国家网信办：网络视频平台全面推行“青少年防沉迷系统”//@健康成都官微: 【国家网信办：网络视频平台全面推行“青少年防沉迷系统”】,null,5-28 14:29,1
梦里有你唉,我觉得我也需要,null,5-28 14:28,
容許旳驕傲,我是爱奇艺 微博和优酷的忠实粉丝～～～,null,5-28 14:27,
你的假笑男孩-,儿童节礼物，六一快乐啊,null,5-28 14:26,
Matriix_,漂亮！,null,5-28 14:26,1
lxsO_O,真棒！,null,5-28 14:26,1
剑侠0o情o0,希望直播平台也出防沉迷系统,null,5-28 14:24,1
细辛茯苓防风,乱七八糟的那么些游戏，该搞一下，成天往死里耍,null,5-28 14:24,
海洋靖运,,null,5-28 14:24,1
桦叶子酱,太棒啦,null,5-28 14:23,1
小邢小窝,转发微博,null,5-28 14:22,1
内库么得川,限制时间？,null,5-28 14:19,
吃土星人菲菲菲,赶紧推行分级制度吧，感觉自己变成了小学生了都,null,5-28 14:19,
学习使我快乐cmy,幸好我成年了,null,5-28 14:19,
哼哈318,中年防沉迷系统什么时候上线？,null,5-28 14:19,
擎苍的WooHoo,疑车无据,null,6-3 17:10,
俄克阿诺斯的喀斯塔,不搞点适当的分级合适吗？,null,6-3 13:24,
安希芮,B站改到我要气疯了,null,6-2 23:12,
安希芮,咋就这么多事呢 是不是太闲了,null,6-2 23:12,
Momenttttt_,管管孩子，救救网站吧，中国除了未成年，还有成年人要看电视剧看动画片的好吗,null,6-1 21:34,
禅·Zen,没有弹幕的哔哩哔哩不是B站！！！！,null,6-1 19:55,
吃饺子要沾老陈醋,别说了，哔哩哔哩喷子太多了,null,6-1 12:39,
失踪人口冥王,人脸识别？？？,null,6-1 01:19,
幻夜冥炎,b站短视频平台？,null,5-31 10:09,
渡鸦12345头号信徒,防沉迷注册还不如来个人脸在线验证防沉迷，非身份证持有人直接下线,null,5-31 08:00,
鹰之炫灵夕,与其做这种表面工作，不如花时间好好从小教会小孩子如何正确对待诱惑。你设了总有人会解开啊,null,5-31 07:37,
土豆不成丝,希望把这个系统以后不只是防沉迷，以后分纯净版和正常版，能够把纯净版留给青少年，让我们成年人看点有深度的吧…,null,5-30 13:59,
切丝特钝,小孩子就不该接触电子产品，家长为了哄孩子拿给他们看，这都是极不负责的做法,null,5-30 11:51,
云间漫步远尘嚣,闲的，我家孩子愿意沉迷咋地啦,null,5-29 08:30,
陈尼玛463,呵呵,null,5-29 07:04,
校草咯,一刀切就完事了。 ，完全看不出视频长短和沉迷与否有什么关联。 想呵护建议多普及教育和未成年性教育。,null,5-29 00:28,
声泊秦淮,,null,5-29 00:09,
教资达人,你怎么看呢#视频平台青少年防沉迷系统#,null,5-28 23:35,
_想做你的月亮,人间不值得哦,null,5-28 23:30,1
小鸟露比厨,这帮睿智家长什么时候死绝就不会有这种睿智政策了嗷,null,5-28 22:42,
洛稚长安,@小韩今天瘦了嘛,null,5-28 22:02,
怎奈何时光不等人,那我小学生冲了会员是不是就可以沉迷了,null,5-28 21:08,
夏之纳西,@南韩柾国小朋友的官宣,null,5-28 20:58,
故宫的小精灵,支持视频平台防沉迷系统上线,null,5-28 20:43,
小山纯一,b站是短视频？,null,5-28 20:31,2
bilibili我不是李嘉旭哦,强行限制选择娱乐的时间。。。,null,5-28 20:08,
满屋的小心心,dei,null,5-28 20:07,
ML番豆先生,希望这回能有效,null,5-28 19:30,
抠一手正方形鼻屎,悉心照顾的韭菜不管好怎么能割呢,null,5-28 19:22,
andy最愛查理,只希望这样的政策不要一刀切，只考虑青少年需要教育保护引导限制而完全不顾成年人的感受。就行了。,null,5-28 19:16,
天天爱笑的hmh,哈哈哈哈哈哈，我也觉得是该管管了！,null,5-28 19:12,
朱一龙是宝贝奥,救救成年人叭,null,5-28 19:02,
某不知名的小杨,为什么没有“青少年防电视、收音机、报纸、阅读沉迷系统”？,null,5-28 18:55,1
8kirayamato8,草,null,5-28 18:43,
筱琦幸子,你知道的，这让我想起了绿坝系统,null,5-28 18:34,
子非妖鱼,我刚刚好过18了，哈哈哈,null,5-28 18:13,
B灬enny,其实也不赖，毕竟有些段视频的内容并不适合孩子，同样B站上好多番也不适合孩子。我可是好不容易才活到成年，只要我还能有的看就好,null,5-28 17:49,
龙龟洞洞,所以什么时候有成人模式？,null,5-28 17:40,
浪渣444444,建议开发一套成人防沉迷系统。还可以收费增税。,null,5-28 17:20,
奈奈奶奶,小说也能监管一下吗，动画能不能也防沉迷啊。能还成年人自由么,null,5-28 17:03,
沙雕dd小朋友,还好我成年了嘿嘿嘿,null,5-28 16:22,
StanleyChou1211,你出防沉迷我不反对，能不能照顾一下港澳台，每次实名认证对我们来谁都是世纪难题......,null,5-28 16:20,
折腾5号,果然，还是要在直播圈子混吗？//@柚子又抽了: 奔走相告，B站也开始青少年防沉迷啦,null,5-28 16:17,
Mandy_mmmmm,@小乔庚,null,5-28 15:50,
Jaler_5,键盘侠何在！！！,null,5-28 15:46,
迷妹ing,我沉迷太久,null,5-28 15:41,
我就静静地窥个屏,未成年能不能看鬼畜？,null,5-28 15:23,
绩溪公路分局,这个好！适当控制有益健康,null,5-28 15:17,
小西的名字要变短,第五人格可以出一个嘛,null,5-28 15:13,
陌上清风43,这个太必要了，支持,null,5-28 15:03,
哈_朕有此意,拿的都是父母的手机看，防啥,null,5-28 15:03,
痴情小公举_777,管管微博吧,null,5-28 14:59,
中山身边事,转发微博,null,5-28 14:59,
乘御遊,意思是成年人可以看成年人的东西了？,null,5-28 14:57,
挪椅子酱,哈哈哈哈哈哈哈，真是牛🍺 幸甚至哉，何不割以永治，且不说矫枉过正，他妈一棒子打死，真像回到那个裹小脚的时代呢要不全国统一一下，一三五歌唱she会主义，二四六全国电视统一播放喜洋洋？他们连互联网都要设墙，我真不知道关起门来要怎么搞经济,null,5-28 14:55,
L-MOC,@莞尔一笑的熊 在六一儿童节到来之前,null,5-28 14:50,
木翎_Quill,直接实名制不就好了,null,5-28 14:48,
阌乡书生,在专属内容池中，长视频平台重点选择弘扬爱国主义、宣扬英雄人物的优秀电影、电视剧；短视频平台侧重为青少年提供课程教学、书法绘画、亲子教育、人文历史、传统文化、手工制作、自然科普等寓教于乐的优质内容。,null,5-28 14:44,
盘尼西林mmy,真的应该这样了,null,5-28 14:41,
众从人一2013,适度，是好的！,null,5-28 14:39,
Landrea卿_医生不回家不改名,请先教育一下一些自己无能反倒怪互联网的父母们 生孩子怎么就没考试,null,5-28 14:38,
Chameau_Lok,能不能管管微信，让工作群不要影响工作,null,5-28 14:38,
DHF南北,都得管管了,null,5-28 14:35,
你变漂亮点儿努力点儿会死啊万爷,92年以前出生的中年人也需要这样的防沉迷系统,null,5-28 14:33,
情非得已-xp,1831,null,5-28 14:31,