#B站推出青少年模式#,,,,"
"
username,comment,interact,date,"likes
",sentiment,confidence,positive_prob,negative_prob
卡兔小怪兽,老阿姨觉得很棒，最好强制身份认证，b站现在低龄化严重,共56条回复,5-30 12:32,"1.1万
",2,0.783432,0.902544,0.0974557
可爱的小肥猪猪猪,谁会自己给自己设置个这个……,共40条回复,5-30 12:08,"5323
",0,0.39233,0.273452,0.726548
丸子喜欢吃吐司,B站:青少年就应该有青少年的亚子,共13条回复,5-30 12:34,"4607
",0,0.151814,0.381683,0.618317
君nin莫笑,B站真的算是良心APP,共52条回复,5-30 12:16,"4072
",0,0.129641,0.391662,0.608338
ForGeTalwayS,建议b站给有脑子的成年人使用,共16条回复,5-30 12:20,"2861
",0,0.0946879,0.40739,0.59261
埃文evanyyy,不光针对B站啊！要分级全部啊！把电影文学这块也分了！每次电影国内都是删减版也是够了！,null,5-30 12:48,"1571
",1,0.837934,0.508103,0.491897
风吹过来的时候记得吹口哨,同意推出这个模式，但能不能别打开一次软件跳出来一次啊，烦死人了，实名认证一下也行啊,共6条回复,5-30 12:20,"896
",0,0.194103,0.362654,0.637346
Yuki的权世界,B站真牛逼，这么多年盼望着能有分级限制，没想到让b站最先实现，虽然不是严格意义上的分级限制，但已经是迈出了一大步,共9条回复,5-30 12:44,"519
",0,0.243317,0.340507,0.659493
王者荣耀代打小哥哥丶,管管青少年，救救app吧,null,5-30 12:57,"358
",0,0.300459,0.314793,0.685207
U-PCY,哈哈哈哈哈哈哈哈哈终于见不到未成年粉丝了,null,5-30 12:31,"267
",2,0.56012,0.802054,0.197946
逍遥散人集,这个第一个推荐视频就是超越妹妹，看来平时看的不少啊,共1条回复,5-30 13:08,"138
",2,0.785284,0.903378,0.0966221
李喵喵的花心大萝卜,正处于叛逆期的青少年越不让碰越想碰,共1条回复,5-30 12:34,"98
",1,0.224704,0.461235,0.538765
你自己喵-,建议所有app都可以有，以及家长朋友们注意及时给自己家孩子设置一下，成年人已经够苦了，不要再霍霍成年人了,共1条回复,5-30 12:34,"108
",2,0.0728198,0.582769,0.417231
烛澧,先把删减的那些恢复了可以吗,null,5-30 12:19,"104
",2,0.0946098,0.592574,0.407426
DRose001,平常很关注我超越妹妹啊,null,5-30 13:42,"56
",2,0.72458,0.876061,0.123939
清浅1226,建议也可以搞个成年人模式，年龄是大于20,共2条回复,5-30 12:32,"70
",1,0.71055,0.514472,0.485527
进击的裹叔,老是跳出来烦的很,null,5-30 12:07,"65
",1,0.941528,0.502924,0.497076
janabi7,我给自己设置了，因为感觉玩哔站玩太多了，我去年统计一共在哔站待了107天,共6条回复,5-30 12:34,"52
",2,0.286061,0.678727,0.321273
厉害了我的菜菜菜,国际版没这烦恼,共3条回复,5-30 11:18,"34
",0,0.0505635,0.427246,0.572754
纵马倚斜桥7678162,就应该分级啊！成年人玩儿成年人的，未成年人玩儿未成年人的，本来就应该分级而不是一刀切！凭什么成年人不能享受成年人的正常娱乐,null,5-30 13:18,"40
",2,0.224396,0.650978,0.349022
玉米从不开车,小孩子就该有小孩子的亚子，好好读术,null,5-30 12:39,"29
",1,0.433704,0.528315,0.471685
叶叶yeeeeee,腾讯，爱奇艺，优酷都推了青少年模式。。。。。。,共1条回复,5-30 12:49,"18
",1,0.775983,0.511201,0.488799
每天都要爱坤一点,,null,5-30 12:29,"13
"
圈子不同别硬融哈哈,太好了，终于能看不到那些睿智言论了！,null,5-30 13:04,"15
",2,0.752117,0.888453,0.111547
诛邪泽宇,自从这些年移动互联网发展以来，青少年犯罪率越来越高。国家一定要严格管制这些信息传播媒体。,null,5-30 12:38,"13
",2,0.323038,0.695367,0.304633
燃情绪漾_2018,开了青少年模式就别玩B站了,null,5-30 12:51,"12
",0,0.0548826,0.425303,0.574697
只因您N,可以可以，不然我这个成年人都快活不下去了,null,5-30 12:42,"15
",2,0.0470327,0.571165,0.428835
三橋源治,这样很好,null,5-30 12:24,"11
",2,0.681778,0.8568,0.1432
zzm今天咕咕了么,其实没撒用，不进去青少年模式不就成了……,null,5-30 13:48,"9
",0,0.709693,0.130638,0.869362
露洢,b站很棒了,null,5-30 13:41,"2
",2,0.839607,0.927823,0.0721767
一只小阳桃,还好我成年了哈哈哈哈,null,5-30 13:00,"5
",2,0.26863,0.670884,0.329116
软婕-,腾讯视频也推出了好像,null,5-30 12:31,"3
",2,0.353658,0.709146,0.290854
孤狼化狗,最右 也有了,null,5-30 14:09,"
",0,0.23914,0.342387,0.657613
正版寸缕,为我方小破站打call,null,5-30 12:37,"9
",0,0.380548,0.278753,0.721247
澎讯,转发微博,null,5-30 12:51,"
",1,0.713022,0.514349,0.485651
锦上添华ov,推出个坤坤栏目吧！,共1条回复,5-30 12:22,"5
",2,0.162324,0.623046,0.376954
林嵩Forrest,看到大家的评论！应该叫#贤者模式#,null,5-30 13:50,"1
",0,0.220524,0.350764,0.649236
考不上师大附中不改名,可我觉得B站可能对青少年有什么误解,null,5-30 13:11,"4
",0,0.229368,0.346784,0.653216
yjy逍遥快乐游,支持这种选择，防止未成年登入，设置成年级分级制度！,null,5-30 13:03,"3
",2,0.397236,0.728756,0.271244
mywastelands,那岂不是非未成年模式就更无聊更无下限了？ 意识到B站存在未成年人不适宜看的内容不是应该整改删除那些东西么？为什么不直接在现有B站基础上实行实名制然后设置青少年观看时长？,共4条回复,5-30 12:59,"2
",0,0.979476,0.00923556,0.990764
乀白衣轻寒,比没有强,null,5-30 12:47,"2
",2,0.0836807,0.587656,0.412344
艾死菲,B站 是目前最棒的视频软件 没有之一,null,5-30 12:38,"5
",2,0.732038,0.879417,0.120583
清扬婉兮--,成年人表示很开心,null,5-30 12:37,"6
",2,0.651008,0.842953,0.157047
猪头涛and小鱼儿,所以对应的成人模式岂不是,null,5-30 12:58,"
",0,0.613144,0.174085,0.825915
KEEPRAEL孙浩程,青少年永远能找到bug,null,5-30 12:56,"2
",2,0.107051,0.598173,0.401827
小叮当M870,不是，你怎么知道使用者是青少年？,共1条回复,5-30 12:49,"
",0,0.850848,0.0671185,0.932881
宥a呦,微博也出了。。。,null,5-30 12:40,"2
",1,0.799645,0.510018,0.489982
木图鸟a,你发的样子像cxk,null,5-30 13:59,"2
",0,0.170803,0.373138,0.626862
Idiotic_zz,微博都有青年模式了,null,5-30 13:41,"1
",2,0.126525,0.606936,0.393064
SeidoreiofPZJ,@ssssue_w,null,5-30 13:37,"1
",1,0.398663,0.530067,0.469933
樱花树下Cecilia静静,@哔哔哔次啦,null,5-30 12:44,"1
",2,0.21976,0.648892,0.351108
魏琮笙,不容易啊，啥招儿都想出来了,null,5-30 12:35,"1
",2,0.21391,0.646259,0.353741
拓拓拓拓丶,,null,5-30 17:54,"
"
柒墨墨Librashan,请把实名认证过的区分开啊，每次打开都跳出来就烦了,null,5-30 14:43,"
",1,0.732082,0.486604,0.513396
六樱酱,成年人终于不用担心了,null,5-30 14:40,"
",2,0.652738,0.843732,0.156268
Cynthia丶向白,干的漂亮,null,5-30 14:27,"
"
鹅探长,快手呢,null,5-30 14:25,"
",2,0.164594,0.624067,0.375933
现在去见你_7,我寻思着热评几个对未成年多大恶意一棒子打死所有人成年人天天弹幕智商秀下限的也不少啊,null,5-30 14:23,"5
",2,0.165985,0.624693,0.375307
小梦在大连,这个真心不错,null,5-30 14:11,"
",2,0.58412,0.812854,0.187146
舟渡丶,什么时候能出一个成人模式呢|･ω･｀),null,5-30 14:07,"
",2,0.242136,0.658961,0.341039
FBFHc,不错 挺好的 也在一定程度上保护未成年人的心理健康,null,5-30 14:05,"
",2,0.943502,0.974576,0.0254241
Nico鹅,只是功能分级不是内容分级也解决不了什么问题吧~ 持观望态度,null,5-30 14:05,"1
",0,0.674966,0.146265,0.853735
贩饭的镜子,@南南Cray,null,5-30 14:03,"1
",1,0.559099,0.522045,0.477955
sdoY瑶-常希樾w,也不是不行不过可以分年龄段设置，没必要一杆子打死,null,5-30 13:58,"
",0,0.887849,0.0504682,0.949532
我的酒窝会隐形,哈哈哈哈哈哈哈,null,5-30 13:57,"
",2,0.955358,0.979911,0.0200888
下咊,北京理工大学公开课哈哈哈哈哈哈哈哈,null,5-30 13:44,"
",2,0.885259,0.948367,0.0516334
那年的梦不落,现在不都有青少年模式麦,null,5-30 13:35,"
",0,0.0924452,0.4084,0.5916
芒果分你,,null,5-30 13:32,"
"
薄荷糖O_0,幸好出生的早,null,5-30 13:28,"
",2,0.0636306,0.578634,0.421366
能能何时归位,关爱青少年也要关爱成年人,null,5-30 13:24,"
",2,0.22562,0.651529,0.348471
O弥陀佛,#太原师范学院#,null,5-30 13:23,"
",2,0.410578,0.73476,0.26524
小奶狗的软猫,出吧出吧，反正我成年了,null,5-30 13:21,"
",0,0.428383,0.257228,0.742772
好饿的猫,行，区分一下哈,null,5-30 13:09,"
",2,0.441326,0.748597,0.251403
原来是海绵锅,成年人的曙光要来了吗,null,5-30 13:09,"
",1,0.876373,0.493819,0.506181
紫陌寻烊,身份证认证,null,5-30 13:09,"
",2,0.123905,0.605757,0.394243
Magi小卢,优秀,null,5-30 13:07,"
",2,0.387377,0.72432,0.27568
一碗稀饭加榨菜,我中年,null,5-30 12:59,"
",1,0.366902,0.468345,0.531655
凌行端方动若兔,挺好的,null,5-30 12:58,"
",2,0.722053,0.874924,0.125076
海总的wink,这不是很好，早就该分年龄层了,null,5-30 12:56,"
",0,0.261236,0.332444,0.667556
喜欢添福宝的破德粉,刚刚满十八岁的我逛b站也不评论，不刷弹幕，就平常捡点好玩的看看，追个番,null,5-30 12:56,"1
",2,0.507409,0.778334,0.221666
方方方不钝,能给我成年人应有的待遇么天天迁就青少年,null,5-30 12:54,"
",1,0.103453,0.455173,0.544827
WAThesea499,可以可以可以，我觉得可以,null,5-30 12:54,"
",2,0.839976,0.927989,0.0720109
day打卡,落实仍须加油，但比之以往可期待的更多了,null,5-30 12:43,"
",2,0.396903,0.728607,0.271393
XO-CT,？当然不选择啊,null,5-30 12:43,"
",0,0.221736,0.350219,0.649781
白杨树和无花果,@渌玦Leo_J 给你设置一个小学生模式，哈哈哈哈，让你还过儿童节,null,5-30 12:35,"
",1,0.11492,0.544254,0.455746
夜游的恶鸟飞过了,挺好的呀，我已经成年了……,null,5-30 12:34,"
",2,0.602347,0.821056,0.178944
L_oKa,挺好的,null,5-30 12:34,"
",2,0.722053,0.874924,0.125076
丹丹-lily,很好啊,null,5-30 12:31,"1
",2,0.898552,0.954348,0.0456516
SUNAX_,@Vannn_b 从今天开始将为你设置青少年模式,null,5-30 12:28,"
",2,0.0155454,0.556995,0.443004
墨池有雨L,可是没人会给自己设置啊，而且未成年已经上大学了，00年代最大的已经19了,null,5-30 13:54,"2
",0,0.35504,0.290232,0.709768
这个少女不野蛮丶,成年人模式，有成年人可以看的片吗？,null,5-30 13:08,"2
",1,0.85863,0.507069,0.492931
ssfbvhjn,有啥用 这也不算真正意义上的分级,null,5-30 12:49,"2
",0,0.380565,0.278746,0.721254
PerkzISApIGletYOUcry,b变味了,null,5-30 12:27,"2
",0,0.39982,0.270081,0.729919
Stoodant,有个问题就是，我是成年人，我没有孩子，我的设备只可能有我自己一个人用，那么天天弹一次这个窗口真的让人极度不爽,null,5-30 14:44,"3
",0,0.526597,0.213031,0.786969
827Noxian,nice,null,5-30 14:39,"
",2,0.527785,0.787503,0.212497
要周游列国的kiki,我觉得蛮好的，可以在使用中慢慢调整改善,null,5-30 14:30,"1
",2,0.610236,0.824606,0.175394
等我吃得饱饱的,有什么用，不良up不处理，不还是扭曲未成年三观,null,5-30 14:24,"1
",0,0.689558,0.139699,0.860301
Suzy盐粉,要给B站打电话，各大网站、游戏都应该效仿，正确引导青少年成长。[机智],null,5-30 14:18,"1
",0,0.196377,0.361631,0.63837
程程程程程家一位默默无闻的少女,还不如直接分级来得实在，上次看央视官微转发晋江被封的消息，他们在评论区挑选的几乎都是“分级”的评论。其实从事动漫游戏这一行久了，你会发现分级真的很有必要，而且对整个行业和社会都有着正向的影响。,null,5-30 14:07,"2
",0,0.838781,0.0725486,0.927451
西珍柚,请问如何给成年的自己设置这个,null,5-30 14:07,"1
",0,0.512971,0.219163,0.780837
宇宙第一轰吹,身份证认证可以有吗？成年人模式可以有吗？卑微成年人想要一片天地,null,5-30 13:55,"1
",2,0.541539,0.793693,0.206307
温润的贾先生,b站已经做了好多次的改变，是个越来越优秀的app 但总有人想搞我小破站,null,5-30 13:46,"2
",1,0.993925,0.500304,0.499696
小鹿乱撞丶201211,我就问一句成年人模式是不是会有什么特别的东西,null,5-30 13:35,"2
",0,0.107606,0.401577,0.598423
萌洋洋同学,这影响到我学唱、跳、Rap、篮球了嘛,null,5-30 13:12,"1
",2,0.014681,0.556606,0.443393
慕斯麦·tutu,小破站真棒！其实用好了可以学到好多东西！,null,5-30 13:05,"1
",1,0.101121,0.455056,0.544944
八点一课,只想问一句，未成年人模式没意见，成年人有没有什么说法，是不是分开来成年人就有东西看了？,共1条回复,5-30 12:57,"1
",0,0.828576,0.077141,0.922859
世路多崎,回头给室友设置一个,null,5-30 12:52,"1
",2,0.093725,0.592176,0.407824
豆包是推文博主,微博也推出了，但可以关闭，我刚发现,null,5-30 12:51,"1
",2,0.0583504,0.576258,0.423742
美炸天拾肥仔,🐂 业界良心,null,5-30 12:44,"1
",2,0.0287978,0.562959,0.437041
鸭鸭在路上,B站里面的资源超丰富,null,5-30 12:41,"1
",2,0.393062,0.726878,0.273122
陌善言辞,青少年???,null,5-30 12:33,"1
",0,0.510949,0.220073,0.779927
亲爱的夏目啊,可以的，b站,null,5-30 11:58,"1
",2,0.400543,0.730245,0.269755
像风一样jhz,,null,5-30 16:41,"
"
穷到不想说话啊,@Yui_Acchan,null,5-30 16:32,"
",1,0.398663,0.530067,0.469933
没事儿你就偷着乐吧,转发微博,null,5-30 15:36,"
",1,0.713022,0.514349,0.485651
深海瓢,@你好懂啊,null,5-30 15:24,"
",2,0.0737813,0.583202,0.416799
过期女大学生,还好我成年了,null,5-30 14:43,"
",1,0.523795,0.47619,0.52381
2001love0314,我很幸运，今年刚好成年,null,5-30 14:43,"
",2,0.508349,0.778757,0.221243
Lxcius,@栗楠会,null,5-30 14:43,"
",2,0.0592977,0.576684,0.423316
一曲离红尘,所有视频app好像都出了这个模式 更新到最新版本。,null,5-30 14:43,"
",1,0.00778079,0.549611,0.450389
微观经济学2,并没有用 我昨天投诉的一个挂b站推荐非医学专业给猫做手术的参加b站活动的视频到现在现在还没有给回复呢 又当又立小破站啊。强排前面那位所有app都请使用的。不是针对谁 但是本身血腥暴力违法违规视频其网站就必须控制其传播方向及对象的义务,null,5-30 14:41,"
",0,0.854081,0.0656636,0.934336
钱宝有钱包,太好了，一定推广，所以哪些自查下架的能不能上了,null,5-30 14:40,"
",2,0.798081,0.909137,0.0908635
Miss-公爵,逼到这份上l我,null,5-30 14:40,"
",1,0.764713,0.488236,0.511764
panda琬,妙啊，妙啊~,null,5-30 14:38,"
",2,0.199366,0.639715,0.360285
Vanson_範小邪,转发微博,null,5-30 14:38,"
",1,0.713022,0.514349,0.485651
堂堂堂本吱呦,非常支持了，特别是那个限制打赏,null,5-30 14:36,"
",2,0.793648,0.907141,0.0928586
卉卉今年三岁啦,可以啊哈哈哈,null,5-30 14:36,"
",2,0.742637,0.884187,0.115813
白水浠是瘦的不倒翁,然而b站搜索不好用，想要找一些讲课视频都直接搜不到,null,5-30 14:35,"
",0,0.314122,0.308645,0.691355
烟嗓大佬,青少年模式，那么 那个男人可以回来吗,null,5-30 14:34,"
",1,0.908777,0.504561,0.495439
失眠症you,舒服了,null,5-30 14:33,"
",2,0.568591,0.805866,0.194134
枪手w普通人,哈哈哈哈哈哈哈,null,5-30 14:28,"
",2,0.955358,0.979911,0.0200888
安吉拉弗斯基兔,我一直觉得这网站还好吧为啥一直有人黑？？被算计？,null,5-30 14:27,"
",0,0.704754,0.132861,0.867139
白月光与追光者,,null,5-30 14:27,"
"
底片图,突然觉得成年人也适用这个时间段,null,5-30 14:27,"
",2,0.204585,0.642063,0.357937
肉肉肉_包子,@月子小萌萌,null,5-30 14:26,"
",1,0.944012,0.502799,0.497201
住在狐狸的眼睛,挺好的啊为啥要用表情。,null,5-30 14:26,"
",2,0.523672,0.785652,0.214348
猪妹是大哥的女人,好！快搞！,null,5-30 14:21,"
",2,0.509754,0.779389,0.220611
芝麻于,我只喜欢鬼畜和哲学 怎么办,null,5-30 14:18,"
",2,0.372704,0.717717,0.282283
我丢雷猴,这个大家怎么看,null,5-30 14:13,"
",0,0.133567,0.389895,0.610105
SUIN-S,评论都很不错啊，就怕上来就骂,null,5-30 14:11,"
",2,0.693726,0.862177,0.137823
最后听了班德瑞的_月光仙子_,猫耳什么时候有！！！！,null,5-30 14:03,"
",1,0.27606,0.536197,0.463803
耳朵疼的狗狗,反正差不多已经阉了,null,5-30 14:02,"
",0,0.247542,0.338606,0.661394
橙晞呀,啊啊…还好我成年了,null,5-30 14:01,"
",2,0.128817,0.607968,0.392032
崔西西儿,腾讯视频也是这样的啊,null,5-30 14:01,"
",1,0.361412,0.468071,0.531929
咕噜米酱,非常棒,null,5-30 13:59,"
",2,0.758685,0.891408,0.108592
橘子桔子树苗,好棒！,null,5-30 13:59,"
",2,0.428778,0.74295,0.25705
越迁度陌v,建议严格审查哦,null,5-30 13:58,"
",2,0.353435,0.709046,0.290954
山居常与白云聚,拜托中国搞分级吧，别把一切低龄化好吗,null,5-30 13:57,"
",0,0.634864,0.164311,0.835689
永远的阿荒,那啥时候有成人模式呀？需要尊贵会员的那种,null,5-30 13:51,"
",2,0.108467,0.59881,0.40119
苦苦的伟大,我真希望可以解決的是，看番的時候，彈幕能不能不要一堆一直ky的人，雖然我知道關彈幕,null,5-30 13:48,"
",2,0.489684,0.770358,0.229642
黑糖糖糖c,这么说吧，成年了的普遍都支持，未成年的普遍都不支持嗷,null,5-30 13:47,"
",2,0.33728,0.701776,0.298224
励恩国际少儿英语,建议全部推出青少年模式,null,5-30 13:46,"
",1,0.502713,0.524864,0.475136
袍泽魂灵,还好我还有几个月就成年了 冲浪啊,null,5-30 13:42,"
",1,0.206339,0.539683,0.460317
爱豆广泛的迷妹,昨天设置了一下玩，然后今天就忘了，今天打开的时候，看着首页一脸懵逼，属于我的内容哪去了呢,null,5-30 13:42,"
",0,0.479196,0.234362,0.765638
DROLE_L,赶紧分级吧,null,5-30 13:42,"
",0,0.0396699,0.432148,0.567851
谜之声的谜之酥,干得好,null,5-30 13:42,"
",1,0.264819,0.536759,0.463241
肥手掏xy,还在B站追番看鬼畜的请出来挨打,null,5-30 13:40,"
",2,0.0825638,0.587154,0.412846
seasoNAugust,我帮李永乐老师打个call,null,5-30 13:39,"
",2,0.301493,0.685672,0.314328
回忆染指凄凉,管管孩子，救救游戏吧,null,5-30 13:39,"
",0,0.0549131,0.425289,0.574711
上官子鱼,突然觉得成年挺好,null,5-30 13:39,"
",2,0.328541,0.697843,0.302156
修TA一个顺心意,现在的孩子那么聪明，你设置成青少年模式给他看，到他手里就成正常模式了，等再回到你手里的时候还是青少年模式,null,5-30 13:38,"2
",0,0.145128,0.384693,0.615307
欧布天下,转发微博,null,5-30 13:38,"
",1,0.713022,0.514349,0.485651
大菲嘿嘿嘿,这一波666,null,5-30 13:37,"
",1,0.533812,0.476691,0.523309
阿100blue,千呼万唤始出来 昨天也看到wb的青少年模式,null,5-30 13:37,"
",2,0.0282314,0.562704,0.437296
千莫无言彼如风,建议账号必须绑定身份证，不然不能正常使用和没账号一样不然哪个小学生会开这种东西,null,5-30 13:35,"
",0,0.441462,0.251342,0.748658
芥末芥末瑶,小盆友就要有小盆友的亚子,null,5-30 13:34,"
",2,0.327742,0.697484,0.302516
袅蛋丶,是不是开了青少年模式，就不能自♂由了,null,5-30 13:33,"
",0,0.497679,0.226044,0.773956
艾登从良,b站的弹幕我真的看不下去了，严重低龄,null,5-30 13:33,"
",0,0.317013,0.307344,0.692656
柳浅诶嘿嘿,草 俺还差一年,null,5-30 13:33,"1
",0,0.809378,0.0857799,0.91422
京执散人,重点是，谁会点进入青少年模式？！点进去，还是能退出来,null,5-30 13:33,"
",0,0.496477,0.226586,0.773414
不鼓顶不住,幸好我成年了,null,5-30 13:32,"
",0,0.159462,0.378242,0.621758
老王在哪里呀,挺好的哈哈哈哈哈哈哈哈哈哈哈哈哈,null,5-30 13:31,"
",2,0.990221,0.995599,0.00440055
抽风的欧尼酱,我真的怕B站把满了16岁未满十八岁的也画进去=_=,null,5-30 13:29,"1
",1,0.679619,0.516019,0.483981
52刘川枫,终于看不到某些脑残粉了,null,5-30 13:28,"
",0,0.139565,0.387196,0.612804
柠萌嘟嘟666,事实证明，越是不让做的事情，人们反而更想做了。,null,5-30 13:24,"
",0,0.648507,0.158172,0.841828
Remi_sama,干得漂亮,null,5-30 13:23,"
",2,0.551899,0.798355,0.201645
会做炒饭的小龙虾owo,建议全网推行//@嘉嘉在广东:建议所有的视频app都推出，谢谢,null,5-30 13:22,"
",2,0.401644,0.73074,0.26926
Melonsunn,今天无意间打开B站，跳出的小绿伞正让我百思不得其解,null,5-30 13:21,"
",2,0.403383,0.731522,0.268478
H8-异常现象,nice低龄化很严重,null,5-30 13:18,"
",2,0.443424,0.749541,0.250459
随影而逝是寂寞,没用呀，不从手机初始验证做限制。软件内就是个摆设，父母又不会每个软件都去开启吧,null,5-30 13:18,"
",0,0.82604,0.0782821,0.921718
Chenin今天好好学习了吗,还好我是个已经成年的00后老阿姨,null,5-30 13:17,"
",0,0.0733421,0.416996,0.583004
HUIHUITIG,微博不也有,null,5-30 13:17,"
",0,0.404374,0.268032,0.731968
我忘了我以前的昵称,中国就应该直接搞分级，看看人家b站,null,5-30 13:17,"
",0,0.2357,0.343935,0.656065
子非鱼and鱼之乐,有一种分级的感觉。这样很好，影视剧方面应该也这样,null,5-30 13:15,"1
",2,0.426548,0.741946,0.258054
全世界一笑而过fly,,null,5-30 13:13,"
"
TFboys永远十年,转发微博,null,5-30 13:10,"
",1,0.713022,0.514349,0.485651
大邱杰尼龟,没有意思,null,5-30 13:10,"
",0,0.415785,0.262897,0.737103
欺负我你试试,不错不错,null,5-30 13:09,"
",2,0.752729,0.888728,0.111272
The_Agency,因缺思厅,null,5-30 13:09,"
",0,0.144766,0.384855,0.615145
RIYEONG_Lucky,,null,5-30 13:08,"
"
静语莫寻,太好了，成年人快被这些孩子搞疯了,null,5-30 13:08,"
",2,0.61763,0.827934,0.172066
是唐晓芙呀,哈哈哈哈哈哈哈哈幸好我已经成年了,null,5-30 13:07,"
",2,0.768757,0.895941,0.104059
千火翎,没想到第一批搞分级制度的是B站！,null,5-30 13:05,"
",1,0.144531,0.457227,0.542773
请叫我final萌,能实名认证更好,null,5-30 13:04,"
",2,0.132261,0.609517,0.390483
sr今天有猫了吗,所有APP都出一个,null,5-30 13:04,"
",2,0.210819,0.644869,0.355131
你快瞎了请停止你现在的行为,@纸鹤雨筠,null,5-30 13:04,"
",1,0.8747,0.506265,0.493735
青阶苔雨,分级也好，我愿意实名认证,null,5-30 13:03,"
",2,0.459825,0.756921,0.243079
八August八,哈哈哈哈哈哈哈哈舒服,null,5-30 13:02,"
",2,0.946383,0.975872,0.0241278
重金求zi,b，，，味 后面👴忘了,null,5-30 13:02,"
",1,0.572585,0.478629,0.521371
竞Hood,这个模式可以自己关掉的…,null,5-30 13:01,"
",1,0.431296,0.528435,0.471565
己由不,微博也有…我也想设个青少年模式主要不想再看到那些小说广告还有其他东西,null,5-30 13:01,"
",1,0.895876,0.494794,0.505206
笑傲江湖的麦麦酱,翻了一遍话题页，然而并没有提到如何对青少年的账号进行区分，谁会给自己的账号设置障碍？就应该进行用户实名认证，由网站对未成年进行内容展示筛选。,null,5-30 13:00,"2
",0,0.440109,0.251951,0.748049
offshorewind_,还剩三个月成年的我很尴尬,null,5-30 12:59,"
",2,0.287993,0.679597,0.320403
人字拖上的世界,会屏蔽ctrl吗？屏蔽了就卸载了,null,5-30 12:59,"
",0,0.216299,0.352665,0.647334
番茄冬呱,那我作为一个成年人首页不希望出现一些卖肉之类的东西怎么办，b站老推荐在首页，真辣眼睛,null,5-30 12:59,"
",0,0.265828,0.330377,0.669623
杨杨杨杨蕙宁,哈哈哈哈哈哈哈,null,5-30 12:59,"
",2,0.955358,0.979911,0.0200888
cmcq15inbeijing,#B站青少年模式# 其实作为一个没有自控力的成年人，也很想用青少年模式,null,5-30 12:59,"
",1,0.0751388,0.546243,0.453757
一颗大白豆子,妙啊,null,5-30 12:59,"
",1,0.612984,0.519351,0.480649
微笑恐惧,弹幕死后第二天，想它！,null,5-30 12:58,"
",2,0.340853,0.703384,0.296616
GabuMei,然而可以随时关闭,null,5-30 12:58,"
",1,0.299267,0.464963,0.535037
东小志250,这也太硬核了吧,null,5-30 12:57,"
",0,0.487293,0.230718,0.769282
媱瑤欲醉,建议所有浏览器，app，电视剧，电影都出分级谢谢！！//@嘉嘉在广东:建议所有的视频app都推出，谢谢,null,5-30 12:57,"
",2,0.880734,0.94633,0.0536697
SOCIALLE,哈哈哈哈哈哈成年的新意义,null,5-30 12:57,"
",2,0.611472,0.825162,0.174838
花仔好爱诗妹,没啥用，最有用的办法就是所以网站都需要人面登录，这样不就区分成年和未成年,null,5-30 12:57,"1
",0,0.272176,0.327521,0.672479
若樱花草木,点赞,null,5-30 12:56,"
",2,0.67011,0.851549,0.148451
JUST-FINDME,,null,5-30 12:55,"
"
锖青玄,是不是我不设置没有问题!千万不要我过两天高考完，开学上了大学还让我因为未成年啥都不让干,null,5-30 12:55,"
",0,0.69352,0.137916,0.862084
一白啊啊,优秀,null,5-30 12:55,"
",2,0.387377,0.72432,0.27568
艾弗杰的可乐罐子,幸好我成年了,null,5-30 12:55,"
",0,0.159462,0.378242,0.621758
2019年也要快乐追居,当然好啦,null,5-30 12:54,"
",2,0.361399,0.712629,0.28737
夼光,赶紧实名认证，推行分级制度吧！不然有这个和没有，有什么区别。,null,5-30 12:54,"
",0,0.12032,0.395856,0.604144
想什么呢AJ,B站真的不错，不过俺是成年人,null,5-30 12:54,"
",2,0.831517,0.924183,0.0758173
一只打抱不平的仙鹤,惊现我女排,null,5-30 12:53,"
",1,0.534317,0.523284,0.476716
头像是偶像啊,不能打赏真的太棒了，省的有年纪小的孩子不小心打赏好多钱,null,5-30 12:53,"
",2,0.58919,0.815135,0.184865
曲中人63,和蔡老师官司打的怎么样？,null,5-30 12:52,"
",0,0.0598231,0.42308,0.57692
鯨落_yu,这样挺好的啊,null,5-30 12:52,"
",2,0.449486,0.752269,0.247731
一只Afui,挺好的,null,5-30 12:51,"
",2,0.722053,0.874924,0.125076
拢拢的上睫毛,支持小破站,null,5-30 12:51,"
",1,0.436402,0.52818,0.47182
也甜kk,我明明不是青少年了 但是我看到就点进去设置了青少年 我也不是很懂我怎么想的,null,5-30 12:50,"
",0,0.851676,0.066746,0.933254
七个小僵尸,66666,null,5-30 12:50,"
",1,0.238308,0.538085,0.461915
小小笨蛋啦啦啦啦,爱奇艺也有这个模式了,null,5-30 12:50,"
",1,0.741401,0.51293,0.48707
楊卋豪,我大学毕业了，首页经常出现李永乐,null,5-30 12:50,"
",2,0.218621,0.648379,0.351621
姜义建哪天来娶我,幸好我明天就成年了,null,5-30 12:49,"
",1,0.269701,0.463485,0.536515
可乐与可可-,。。。不是好几个视频APP都推出了这个模式吗,null,5-30 12:49,"
",0,0.315551,0.308002,0.691998
審驚檳,微博也有青少年模式了,null,5-30 12:48,"
",1,0.391761,0.530412,0.469588
sakusu桜,这下不要说我们有小孩子不能看的东西了，父母们长点良心吧，给我们成年人生路啊！！,null,5-30 12:48,"1
",0,0.431334,0.2559,0.7441
岐阜提灯,幸亏我早生了几年,null,5-30 12:46,"
",2,0.0415017,0.568676,0.431324
慵懒的猫Katherine,棒a！！爱死这个小破站了,null,5-30 12:46,"
",2,0.595563,0.818003,0.181997
出木杉樱才,幸好马上要成年了,null,5-30 12:45,"
",0,0.0824265,0.412908,0.587092
小白龙darin,挺好的啊，反正我成年了,null,5-30 12:44,"
",2,0.546377,0.795869,0.204131
不要害怕放手去做,我不知道别人家的情况，但是我爸妈根本就不知道这个app的存在，也不知道这些功能，又怎会设置这个功能呢？,null,5-30 12:44,"
",0,0.827369,0.0776841,0.922316
随意改个名字就好,分级？,null,5-30 12:44,"
",0,0.181315,0.368408,0.631592
圆舞曲didadi,顶上去 强烈建议父母给孩子设置,null,5-30 12:44,"
",1,0.527466,0.476373,0.523627
大壮今天长到两米了吗,,null,5-30 12:43,"
"
夜半噪声,没看明白，是成年人也要跟未成年人一样的模式吗,null,5-30 12:42,"
",0,0.51005,0.220478,0.779522
BjtMjq_Ankytu01,哈哈哈哈反正跟我也没关系,null,5-30 12:42,"
",2,0.30687,0.688091,0.311909
CHENQINQINQING,b站🐂🍺,null,5-30 12:42,"
",1,0.980862,0.499043,0.500957
揽风怀,挺好的,null,5-30 12:42,"
",2,0.722053,0.874924,0.125076
牧童短笛135,棒棒哒,null,5-30 12:41,"
",2,0.179297,0.630684,0.369316
L0BETH,温馨提示：密码别设家里人生日,null,5-30 12:41,"1
",2,0.185217,0.633348,0.366652
寒冷的金鱼姬,挺好的呀,null,5-30 12:41,"
",2,0.719793,0.873907,0.126093
宅家里看书的心虚姐,啊哈哈哈哈哈哈哈成年人可以用嘛,null,5-30 12:40,"
",2,0.840905,0.928407,0.0715927
Nj墨竹,还挺好的,null,5-30 12:40,"
",2,0.718353,0.873259,0.126741
面子鱼,小破站每天都在进步，真棒👍,null,5-30 12:40,"
",1,0.0682688,0.453413,0.546587
北京永乐电教,酷极了 我爱了,null,5-30 12:39,"
",2,0.554795,0.799658,0.200342
红豆布丁烤奶-,@圆味酱mint @南瓜饼子店XX,null,5-30 12:38,"
",1,0.405358,0.470268,0.529732
好吃的不能吃太多,还好大家都是成年人了,null,5-30 12:38,"
",0,0.010004,0.445498,0.554502
嘉琦z,真好,null,5-30 12:37,"
",2,0.578792,0.810456,0.189544
薇苏黎黎,看到超越妹妹了,null,5-30 12:37,"
",2,0.109892,0.599451,0.400549
带带大专,舒服了，这下没有pxj了,null,5-30 12:36,"
",2,0.429393,0.743227,0.256773
家养橙子酱吧,监护人都不知道b站是啥哈哈哈,null,5-30 12:36,"
",2,0.0258121,0.561615,0.438385
-mosuqi,可以的！,null,5-30 12:36,"
",2,0.582194,0.811987,0.188013
Violeta-1234,我其实觉得成人模式和青少年模式一样重要,null,5-30 12:36,"
",1,0.815388,0.490769,0.509231
影舞月光,b站我是看福利的。家长也管这个,null,5-30 12:36,"
",0,0.102118,0.404047,0.595953
彬蒂,转发微博,null,5-30 12:34,"
",1,0.713022,0.514349,0.485651
苏青琛,不可以啊啊啊啊啊,null,5-30 12:34,"
",0,0.204231,0.358096,0.641904
Sirius1103,哭了,null,5-30 12:33,"
",0,0.0010305,0.449536,0.550464
玛丽苏总裁第一人,哈哈哈哈哈开心，为成年感到开心,null,5-30 12:33,"
",2,0.914443,0.961499,0.0385007
bearckybaby,点赞,null,5-30 12:33,"
",2,0.67011,0.851549,0.148451
无敌帅文文,我心思不是上次更新就出了吗,null,5-30 12:32,"
",0,0.679861,0.144063,0.855937
欧洲奶黄包_允在甜豆花,早点分级吧,null,5-30 12:32,"
",1,0.94105,0.497052,0.502948
葵小巴,B站这个东西可以死了吗？那么多九年义务教育不过关的,null,5-30 12:31,"
",0,0.476795,0.235442,0.764558
Paaaprika,我jio得阔以,null,5-30 12:31,"
",1,0.363681,0.531816,0.468184
奶酷奶酷的高赛文,good job！,null,5-30 12:31,"
",2,0.428368,0.742766,0.257234
斐姐迷妹,在哪设置啊？？,null,5-30 12:30,"
",0,0.440049,0.251978,0.748022
Natural海洋,转发微博,null,5-30 12:29,"
",1,0.713022,0.514349,0.485651
侯zh0524,腾讯视频也有,null,5-30 12:28,"
",2,0.0667232,0.580025,0.419975
哈比Sport,新颖,null,5-30 12:25,"
",2,0.289629,0.680333,0.319667
有情儿的多,卸载了重新装是不是这个模式就重置了,null,5-30 12:18,"1
",0,0.472003,0.237598,0.762402
蔡子谦谦,火少粉丝？,null,5-30 12:18,"
",0,0.399563,0.270196,0.729804
今天退步分子想JNY了吗,哈哈哈哈哈哈哈哈哈哈哈哈哈哈哈哈哈哈哈哈哈哈哈哈,null,5-30 12:16,"
",2,0.94598,0.975691,0.0243088
Karanwong,还好刚刚成年了,null,5-30 12:15,"
",1,0.912075,0.504396,0.495604
哆啦Y梦超喜欢数学啊,很棒哦,null,5-30 12:08,"
",2,0.952314,0.978541,0.0214587
冰冰冰并亲了你一下,哈哈哈哈哈,null,5-30 12:05,"
",2,0.848426,0.931792,0.0682084
李知恩图抱的知恩,我觉得有必要！B站的小学生弹幕太多了实在。这几天在B站看个《情满四合院》，那弹幕根本没眼看，逮谁骂谁，骂了个遍,null,5-30 14:37,"
",0,0.79004,0.0944822,0.905518
U6nbearable,@于路酒生儿 @绫波零orz @少年与梦fg,null,5-30 17:43,"
",2,0.39296,0.726832,0.273168
我的小猪被我弄丢了,,null,5-30 17:39,"
"
肉在其中,@水偶吧是谁偶吧,null,5-30 17:22,"
",0,0.371603,0.282779,0.717221
浩浩不忙,,null,5-30 17:03,"
"
42码脚35码鞋,@旧色半新,null,5-30 16:42,"
",0,0.0704119,0.418315,0.581685
渣浪没有母亲,@feelingshark傲然,null,5-30 16:21,"
",1,0.520298,0.523985,0.476015
嘀哩哩哩李,@你别为难我啊啊啊啊,null,5-30 16:03,"
",0,0.137123,0.388295,0.611705
特立独行的梨子酱,@请填写昵称不可用也被注册了,null,5-30 15:51,"
",0,0.350065,0.292471,0.707529
清木水子,@润机车,null,5-30 15:27,"
",2,0.0408929,0.568402,0.431598
醉醺醺的马铃薯,@被窝星人琉璃酱_cmt,null,5-30 15:22,"
",1,0.0120449,0.549398,0.450602
迷之兔美,@熊吉君D,null,5-30 15:11,"
",1,0.860882,0.493044,0.506956
记者观察网,转发微博,null,5-30 15:05,"
",1,0.713022,0.514349,0.485651
青向阳,各大视频网站都已经有了,null,5-30 15:00,"
",2,0.179334,0.6307,0.3693
尼古拉斯winnie,@美啊美_Mwang,null,5-30 14:58,"
",2,0.663914,0.848761,0.151239
小喵儿喂,@小秦笙,null,5-30 14:56,"
",0,0.0468249,0.428929,0.571071
顾里viki,转发微博,null,5-30 14:53,"1
",1,0.713022,0.514349,0.485651
海信激光电视,激里呱啦 #B站推出青少年模式# 在该模式，会有一批教育类、知识类内容呈现在首页，对于青少年的健康发展起到良好的影响。这类模式，海信4K激光电视一直都有，内置全新VIDAA AI智能电视系统，首创多屏在线教育闭环服务模式，拥有海量师资资源，让孩子既能收获快乐也能获取知识。,null,5-30 14:43,"
",2,0.978009,0.990104,0.00989577
_五_花_肉_,不错诶,null,5-30 14:42,"
",2,0.75214,0.888463,0.111537
半醉人间53719,西瓜视频也推出了这个青少年模式。,null,5-30 14:41,"
",2,0.0572546,0.575765,0.424235
聚优汇智,,null,5-30 14:37,"
"
轻寄,@腿音未来 b站小亡子建议开启,共1条回复,5-30 14:36,"
",0,0.100657,0.404704,0.595296
owo松饼,这样很好！！！！！每个人都有自己的观影权利！！,null,5-30 14:35,"
",2,0.848117,0.931653,0.0683471
望江蔡徐坤,雨哦无瓜,null,5-30 14:33,"
",2,0.0569061,0.575608,0.424392
高贵路人的马甲,推出实名认证吧,null,5-30 14:29,"
",2,0.1368,0.61156,0.38844
teennager19,跟抖音学的？,null,5-30 14:26,"
",0,0.687961,0.140417,0.859583
不随漂,垃圾b站,null,5-30 14:25,"
",0,0.846483,0.0690827,0.930917
Molly-今天学习了吗,挺好的 起码算是改变 对成年人和青少年都好,null,5-30 14:24,"1
",2,0.860785,0.937353,0.0626468
打卡记录小号,希望b站别给我推荐那个gay的直播了，我是声控也不反感同性，但是那种作作的说自己是gay的很烦好吗？成年人也想首页净化。我一个只看游戏直播为什么要给我推荐这个真的第一次被恶心到了，第二次点不感兴趣了，不要再来第三次了,null,5-30 14:23,"1
",0,0.984032,0.00718572,0.992814
ALLEZECTS,@jdheialk,null,5-30 14:22,"
",1,0.398663,0.530067,0.469933
-A飞机的狗子-,@刺橈 @常大锅,null,5-30 14:22,"
",2,0.272408,0.672583,0.327417
张狗腚儿的猪,@张狗腚儿 建议使用,null,5-30 14:17,"
",1,0.183887,0.540806,0.459194
胖妖怪啊,@抖抖龙与胖比,null,5-30 14:14,"
",0,0.758767,0.108555,0.891445
陆一虎呼呼,太好了，给成年人一点空间。,null,5-30 14:11,"1
",2,0.862376,0.938069,0.0619308
DuangAngAngaaaa,我觉得挺好,null,5-30 14:10,"
",2,0.449153,0.752119,0.247881
喧嚣的风123,实名吧，不是每个人都是青少年啊，成年人就不照顾一下嘛？？？？？,null,5-30 14:06,"2
",0,0.70643,0.132106,0.867894
渐渐地喜欢上随机播放,@起个昵称好难啊啊哦哦,null,5-30 14:01,"
",2,0.638784,0.837453,0.162547
用户6166963047,苦难飘来飘去会落到每个人的头上哈,null,5-30 14:00,"
",2,0.468896,0.761003,0.238997
間------,@Luhan714,null,5-30 13:59,"
",1,0.398663,0.530067,0.469933
来碗橘子茶,虽然我不是青少年但是听起来对我早睡很有帮助,共32条回复,5-30 12:05,"1510
",2,0.375204,0.718842,0.281158
鲁小哀,放过青少年吧……,共47条回复,5-30 12:05,"118
",0,0.0849615,0.411767,0.588233
octobbit99,我觉得OK,共23条回复,5-30 12:03,"685
",2,0.190099,0.635545,0.364455
啊哦额咦唔宇哈,我已经帮我弟锁了,共34条回复,5-30 12:06,"604
",1,0.108191,0.54459,0.45541
april_blossoms,我同意 如果能把分级制度推广下去就好了 把那些乱七八糟禁掉的东西全都搞回来 现在这个情况 虽然功能有别 但实际上成年人能看到的东西不比青少年多,共5条回复,5-30 12:13,"361
",0,0.691649,0.138758,0.861242
ldnless,怎么识别青少年啊,共17条回复,5-30 12:04,"169
",0,0.152435,0.381404,0.618596
请你不要随便关注我,确实，如今网络世界纷繁复杂，青春期的孩子们有时候不能正确分辨是非，应该提供一个绿色的网络环境给孩子们，温暖,null,5-30 12:08,"100
",2,0.637473,0.836863,0.163137
小鹿斑比啵,挺好的 早就该分级了 支持,共5条回复,5-30 12:06,"90
",2,0.772236,0.897506,0.102494
遥清vvvvvv,我觉得挺好！这个再管不住就是你自己和家长的问题了。b站已经是尽力了！支持！！！,null,5-30 12:11,"86
",2,0.334122,0.700355,0.299645
原来是邱少华,建议所有的视频app都推出，谢谢,共5条回复,5-30 13:05,"22
",2,0.535269,0.790871,0.209129
xin648018871,个人解读:我已经做了个青少年模式，至于你能不能管住自己孩子不要乱上网就是你自己的事了，不要全部都赖我的网站，除了你孩子还有好多人看的。,null,5-30 13:07,"46
",2,0.15201,0.618404,0.381596
喜欢有趣的灵魂ha,B站一直在进步,null,5-30 12:10,"39
",2,0.0876898,0.58946,0.41054
丫丫OFFGUNTAYNEW,没毛病,null,5-30 12:04,"11
",0,0.173712,0.371829,0.628171
小柯柯HH,非常好！,null,5-30 12:07,"12
",2,0.95943,0.981744,0.0182563
野生同袍,能不能所有APP都弄个未成年模式和成年人模式，区分一下，别就动不动就以未成年的名义禁着禁那的,null,5-30 13:12,"22
",2,0.0265333,0.56194,0.43806
双子王伊,没什么用吧？怎么识别谁是青少年啊？不使用等于没什么用,共3条回复,5-30 12:12,"4
",0,0.919526,0.0362133,0.963787
博爱xx,挺好 赶紧分级吧 整天因为“青少年成长”这个原因耽误成年人成熟,null,5-30 14:19,"6
",2,0.220109,0.649049,0.350951
自然卷啊w,但是可以不选择青少年模式啊,null,5-30 12:30,"3
",1,0.734607,0.51327,0.48673
比啊咔叽脆,@因为你看不见我看不见我 请开启青少年模式,null,5-30 12:14,"2
",0,0.538974,0.207462,0.792538
一只卤鸭小腿,我觉得挺好的啊 这种不是比一刀切好多了嘛？而且这才刚刚开始 我觉得有这种倾向已经非常好了,null,5-30 12:26,"6
",2,0.720672,0.874302,0.125698
Anxiety001,社会主义核心价值观 真棒！,null,5-30 12:39,"5
",2,0.325054,0.696274,0.303726
yeokyolo,说真的我觉得只要网速够快 床够软 我可以抱着b站躺到瘫,null,5-30 12:23,"7
",2,0.274493,0.673522,0.326478
Dolce_Kitty,@西便门乔鲁诺乔班纳,null,5-30 12:28,"
",1,0.906869,0.504657,0.495343
爱吃西瓜拌醋的仙女儿,,null,5-30 15:49,"1
"
就你这小样儿啊,,null,5-30 13:28,"1
"
吴不肉,建议参考@晋江文学城,null,5-30 13:10,"2
",0,0.205071,0.357718,0.642282
胡宇甜了解下啊,,null,5-30 12:57,"1
"
重度眩晕患者,很OK,null,5-30 12:20,"
",2,0.572021,0.80741,0.19259
爱钦朕头疼,@鹿角霜-,null,5-30 12:12,"
",1,0.0660634,0.546697,0.453303
Therouge_,@朴树_yzz 666啊,null,5-30 12:19,"
",1,0.160513,0.541974,0.458026
命里缺一米八帅比,求晋江推出成年人模式让我等成年人享受一下应有的权利✊✊✊,null,5-31 02:10,"1
",2,0.465855,0.759635,0.240365
你哩佳佳,我可以不进入青少年保护模式有几个家长知道B站,null,5-30 17:11,"1
",0,0.295559,0.316999,0.683002
hlyatk,希望其他各种软件也效仿一下，有些小学生就不要放出来了,null,5-30 13:14,"3
",0,0.445482,0.249533,0.750467
说梦话的橘子喵oO,👌,null,5-30 16:00,"
"
牙牙仔HOKI,这个模式可以下周回去试用在🐭 妹身上看看好不好用,null,5-30 14:46,"
",2,0.57134,0.807103,0.192897
不能再胖下去了呢,微博 爱奇艺好像都有,null,5-30 14:34,"
",2,0.231437,0.654147,0.345853
胡桃0夹子,真好，我成年了,null,5-30 14:23,"
",2,0.659752,0.846888,0.153112
dumb-never,如何辨认青少年身份？,null,5-30 13:21,"
",0,0.51776,0.217008,0.782992
阿天超甜啊,,null,5-30 13:16,"
"
LeeJamYin,还好，我刚满18,null,5-30 12:58,"
",1,0.671131,0.483557,0.516443
MJ-鹿鹿sodr,。,null,5-30 12:56,"
",2,0.0907577,0.590841,0.409159
不爱吃面条的girl,@SisKlpau-,null,5-30 12:11,"
",1,0.0660634,0.546697,0.453303
妮妮今天瘦了啊,还好我成年了,null,5-30 12:09,"3
",1,0.523795,0.47619,0.52381
空山新雨明月松间照,干得好,null,5-30 12:04,"2
",1,0.264819,0.536759,0.463241
ik桃子zj,挺好的,null,5-30 12:22,"1
",2,0.722053,0.874924,0.125076
蛋黄酱-mio,分级制度的推出我觉得是好事。,null,5-30 12:17,"1
",2,0.279911,0.67596,0.32404
我凭什么要迁就你,所有网络平台都应该有分级制度。这样成人就可以为所欲为了,null,5-30 12:14,"1
",2,0.185384,0.633423,0.366577
Tikokill_,emmmmmm雨女无瓜？,null,5-30 12:03,"1
",0,0.584275,0.187076,0.812924
曦若蓝亦,我每次打开爱奇艺都会跳出来青少年模式的框框，主要是已经认定了我不是青少年呀,null,6-4 00:58,"
",2,0.168362,0.625763,0.374237
练琴练多了想学吉他夫斯基,家长们都看到了吗！！看到了吗！！！快 关爱孩子 给ta设置青少年模式👌,null,6-2 13:21,"
",0,0.0812605,0.413433,0.586567
起个名儿叫未笙,B,null,5-31 11:40,"
",1,0.868965,0.493448,0.506552
little--pig-,同那是不是同时该出一个老年人，中年人，青壮年模式,null,5-31 10:42,"
",0,0.463001,0.241649,0.75835
Mushroom-天慧,@致郁系小巫女i,null,5-31 08:21,"
",2,0.126902,0.607106,0.392894
年六七七,，,null,5-31 07:20,"
",1,0.0450408,0.547748,0.452252
Popcycy,求生欲很强的B站,null,5-31 00:22,"
",2,0.334991,0.700746,0.299254
阿卿最棒的,优酷好像也有了耶,null,5-30 18:42,"
",2,0.323305,0.695487,0.304513
__吧啦啦能量,灵机一动//@啊哦额咦唔宇哈:我已经帮我弟锁了,null,5-30 16:56,"
",2,0.396504,0.728427,0.271573
起呀哇噻,优酷也有这操作,null,5-30 16:51,"
",2,0.182213,0.631996,0.368004
是一只胡,同时是不是还我们一个成年人的世界,null,5-30 16:09,"
",2,0.0151095,0.556799,0.443201
UnstoppableAAA,其实说实话我成年了反到还不如青少年自律,null,5-30 15:21,"
",0,0.715945,0.127825,0.872175
Suzy盐粉,B站良心。确实要正确引导青少年成长。[嘿哈],null,5-30 14:14,"
",2,0.102833,0.596275,0.403725
黄一白的日常,优酷好像也有！,null,5-30 13:58,"
",2,0.277909,0.675059,0.324941
WSY_吴,我可能要开启了,null,5-30 13:55,"
",0,0.189053,0.364926,0.635074
9月25日秋,不更新！,null,5-30 13:39,"
",0,0.613308,0.174011,0.825989
默默--嘟,还是蛮好的ヾ ^_^♪,null,5-30 13:38,"
",2,0.664344,0.848955,0.151045
酸奶苦荞茶,问题是有多少可以自觉进入青少年模式呢,null,5-30 13:31,"
",2,0.44715,0.751218,0.248782
Honnliied,有没有考研模式 我强烈要求考研模式,null,5-30 13:29,"2
",0,0.0511434,0.426985,0.573015
神奇秀一之发,🉑️,null,5-30 13:20,"
"
小费周张,我觉得ojbk鸭，你是成年人你不开就行了呀,null,5-30 13:11,"
",0,0.158717,0.378577,0.621423
甜田恬_,建议身份证认证一下 低龄化太严重了,null,5-30 13:08,"
",0,0.573989,0.191705,0.808295
抹茶皮肤lxg,腾讯视频也有这个了,null,5-30 13:01,"
",1,0.851875,0.492594,0.507406
earlier,挺好的尝试~,null,5-30 13:00,"
",2,0.851266,0.93307,0.0669305
云端仙境233,早该这样了，联系所有直播视频，游戏平台都应采取这样的措施，手机实在是太害人了,null,5-30 12:54,"
",0,0.844926,0.0697835,0.930217
网上冲浪精英选手小仝,其实微博也有的,null,5-30 12:50,"
",2,0.220451,0.649203,0.350797
SlimShady2233,没啥用吧……现在小孩子都有自己手机，并且设密码不让家长碰，哪里设置去?又不是强制性的那些……,null,5-30 12:50,"1
",0,0.946826,0.0239282,0.976072
风一样的哈哈哈啦,优酷也有,null,5-30 12:49,"
",2,0.144079,0.614836,0.385164
Minby酥,挺好的我成年人，我的弹幕什么时候恢复！,null,5-30 12:42,"
",2,0.919715,0.963872,0.0361282
木村拓哉眼睛里有星空,B站不错，加油,null,5-30 12:39,"
",2,0.592331,0.816549,0.183451
快乐lice,……,null,5-30 12:36,"
",0,0.11372,0.398826,0.601174
喜爱这生命,@無限才華,null,5-30 12:29,"
",0,0.245447,0.339549,0.660451
vivi孟君,很好！！没毛病！,null,5-30 12:25,"
",2,0.844827,0.930172,0.069828
才不才丶,成年人准备给自己设一个,null,5-30 12:23,"
",2,0.280416,0.676187,0.323813
洛伊萌,下一步分级也赶紧的吧,null,5-30 12:22,"
",1,0.191835,0.540408,0.459592
我我要要改改名名,所以现在下课不能玩了，只能上课玩是吧,null,5-30 12:21,"
",0,0.419728,0.261122,0.738878
小亨的soulmate,蛮好的,null,5-30 12:19,"
",2,0.700056,0.865025,0.134975
zj我最爱520,微博也有青少年模式,null,5-30 12:18,"
",2,0.051986,0.573394,0.426606
一年掉粉掉了仨,挺好挺好,null,5-30 12:18,"
",2,0.852932,0.93382,0.0661804
草莓大福momo酱,嗯！还好我成年了,null,5-30 12:17,"
",2,0.0550389,0.574768,0.425232
xciiiiiii,幸亏我成年了,null,5-30 12:14,"
",0,0.123862,0.394262,0.605738
Eudemonia-ta,太好惹成年人是不是就可以有属于成年人的领域惹,null,5-30 12:12,"
",1,0.647148,0.517643,0.482357
今天也是追星的美少女,可以啊,null,5-30 12:08,"
",2,0.524957,0.78623,0.21377
萍萍是个小智障,挺好的啊,null,5-30 12:06,"
",2,0.732776,0.879749,0.120251
摸鱼小能手biu,22时才是我刚打开B站的时间,null,5-30 13:37,"1
",0,0.110655,0.400205,0.599795
方知其遥,都有青少年模式了，那成年人是不是能看自己喜欢的东西了。,null,5-30 13:32,"1
",2,0.392719,0.726724,0.273276
是你的姜姜同学,真棒！,null,5-30 12:35,"1
",2,0.415879,0.737145,0.262855
Su小白_Biubiubiu,我觉得可以，弹幕评论越来越低龄,null,5-30 12:13,"1
",2,0.210315,0.644642,0.355358
soulbaby_,能不能先管管别的辣鸡APP,null,6-3 11:27,"
",0,0.229531,0.346711,0.653289
挣钱给贝贝花,挺好的，规范化,null,5-30 18:15,"
",2,0.695443,0.862949,0.137051
大饼番茄酱爱吐槽,我在想，这个模式是强制使用的吗？我升级了最新的app，也没有这个模式的提示,null,5-30 15:59,"
",0,0.0985244,0.405664,0.594336
真的是梦落落吖,青少年不配拥有快乐,null,5-30 15:32,"
",1,0.0880456,0.545598,0.454402
dnmd丶茄子,整个脸部识别验证吧 不然爹妈身份证一绑定有什么用,null,5-30 14:33,"
",0,0.0828616,0.412712,0.587288
小辫儿张芸蕾,青少年能看动漫小黄片儿吗？,null,5-30 13:21,"
",0,0.533528,0.209912,0.790088
天热蚊子叮,直接身份证分级行不行放过成年人吧 有时候体验贼差,null,5-30 13:18,"
",0,0.791036,0.0940336,0.905966
亲亲小啵啵,只要我不说我是青少年你就不知道我是！,null,5-30 13:04,"
",0,0.361419,0.287361,0.712639
下辈子我要拯救银河系,好！！希望这是分级的第一步！！！,null,5-30 13:01,"
",2,0.339247,0.702661,0.297339
大白鹅曲项向天哥,,null,5-30 12:58,"
"
uni_澜西,干得漂亮,null,5-30 12:58,"
",2,0.551899,0.798355,0.201645
与君思无邪,分级是个好事,null,5-30 12:58,"
",1,0.366778,0.531661,0.468339
池山泛叶归,,null,5-30 12:56,"
"
A_圆滚滚,微博也有啊 为什么光吹B站,null,5-30 12:56,"
",1,0.299662,0.535017,0.464983
Chillic毒物,有点东西，索性早出生几年,null,5-30 12:56,"
",0,0.089698,0.409636,0.590364
宅男史帝芬52,40分鐘才剛開始耶,null,5-30 12:48,"
",1,0.656123,0.517194,0.482806
綠春事,可以的,null,5-30 12:37,"
",2,0.560816,0.802367,0.197633
Vladgmuor,确实都是青少年在沉迷b战 虽然是一个up主，但除了偶尔看看动漫上传视频 还真没看什么其他视频,null,5-30 12:30,"
",0,0.347685,0.293542,0.706458
我是小清新i女汉子啊,挺好,null,5-30 12:27,"
",2,0.596488,0.81842,0.18158
别喂狗了这狗有毒,分级挺好的 所以其他视频能不能不要管那么严了,null,5-30 12:25,"
",1,0.84642,0.492321,0.507679
吧啦叭吧吧,哈哈哈哈哈哈哈哈我也不知道我在笑什么但很想哈哈哈哈哈哈哈哈哈哈哈,null,5-30 12:20,"
",2,0.970376,0.986669,0.0133306
希黎西里,哇哦，刚好是他们上线的时间，你给锁了是搞哪样！以后“妈妈再也不用担心我被窝里看B站了么么哒！”,null,5-30 12:16,"
",2,0.649818,0.842418,0.157582
唯有鹿哥知心,可以，对于未成年儿童要禁止的。,null,5-30 12:15,"
",2,0.487989,0.769595,0.230405
双子王伊,B站真的该好好管理一下评论和弹幕文明了，有的人的语言文字简直不堪入目，真的会带坏低年龄的还没有理性分辨能力的青少年,null,5-30 12:14,"
",0,0.677325,0.145204,0.854796
锦鲤er3,还好我成年了,null,5-30 12:14,"
",1,0.523795,0.47619,0.52381
不能吃的月饼,你放出来行，你能不能别我一打开软件就蹦出来，误触了你给我解锁吗？,null,5-30 12:14,"
",0,0.853631,0.065866,0.934134
GyzZzh,好惨一青少年,null,5-30 12:13,"
",1,0.924906,0.503755,0.496245
海离薇,哦。,null,5-30 12:13,"
"
L南岸烟光Z,每次进去都跳一个东西出来,null,5-30 12:11,"
",2,0.285503,0.678477,0.321523
日常改名wlbmbrzdw,好是好，能不能别每次上去都提醒？很烦啊,null,5-30 12:11,"
",2,0.481801,0.76681,0.23319
卡圆de吉他,早该分级和限制时间 期待以后更完善,null,5-30 12:11,"
",2,0.0828974,0.587304,0.412696
Okkkkkkkky,以后是不是看不了郭乐乐了,null,5-30 12:10,"
",0,0.845861,0.0693624,0.930638
IG法老有点甜,我知道了,null,5-30 12:10,"
",1,0.280909,0.464045,0.535955
Dear-rm,优酷也有,null,5-30 12:10,"
",2,0.144079,0.614836,0.385164
_lingzi忆挽青笙,有没有成人模式啊,null,5-30 12:10,"3
",2,0.0208685,0.559391,0.440609
Dodder2019,如果可以直接注册时实名认证，分级再细化一些，14岁16岁18岁这样的，选择屏蔽一些内容，成年了就不要再删来剪去各种下架了吧，这样会不会好一些,null,5-30 12:33,"2
",0,0.77268,0.102294,0.897706
Xysaini,看了一下比起青少年模式更像是幼儿模式,null,5-30 14:03,"1
",1,0.433928,0.471696,0.528304
乌拉乌拉霹雳布袋戏佳龙小公举,与其限制未成年人，不如思考一下怎么帮我们成年人弄个限制，密码，答题什么的，把未成年人隔出去，比如未成年人有时间限制，我们成年人输密码就可以看的东西更多，使用的功能更多,null,5-30 13:53,"2
",2,0.364588,0.714065,0.285935
迷路的黑子洋洋,现在大家在b站搜王源特别精彩哟。,null,5-30 13:52,"1
",2,0.573589,0.808115,0.191885
乌拉乌拉霹雳布袋戏佳龙小公举,弄个成人版的，自己输入自己设定的密码就可以继续观看，未成年人也进不来，多好,null,5-30 13:48,"1
",2,0.0580676,0.57613,0.42387
成岩_,分级完了能把成年人能看的内容放出来吗,null,5-30 13:20,"1
",0,0.18531,0.36661,0.63339
巧克大魔王,作為一個合格的姊姊 我明晚回家給我妹鎖上,null,5-30 13:07,"1
",1,0.275305,0.463765,0.536235
Antarcticite彡,期待微博实名制,null,5-30 12:59,"1
",2,0.201163,0.640523,0.359477
丹蛋单淡弹胆玫,我觉得大B站在分级上有所尝试，我们是不是应该鼓励呢,null,5-30 12:48,"1
",1,0.41421,0.529289,0.470711
猫腻儿-,早就该分级了，很多就该分级的。这样电影引进也不至于阉割严重！也不至于一些打着喜剧片的电影阖家看了之后发现都是低俗性笑点。,null,5-30 12:11,"2
",0,0.898734,0.0455698,0.95443
某不科学的多方通行,小说app也可以借鉴并且推出成人模式省的某些人一天到晚找茬,null,5-30 12:11,"1
",2,0.725417,0.876438,0.123562
渴望爱情的zha男,出发点值得肯定。。。,null,5-30 12:11,"1
",2,0.521422,0.78464,0.21536
M在下陈长生M,挺不错的,null,5-30 12:11,"1
",2,0.770006,0.896503,0.103497
鱼嘻是吃可爱长大的,我把自己锁了……然后我忘记了密码……,null,6-4 11:04,"
",0,0.224477,0.348985,0.651015
2019年熬夜了吗,哈哈哈哈哈我超喜欢这个模式，到时候再有人整b站就说“谁让你们不开青少年模式？”,null,6-3 17:54,"
",2,0.403739,0.731683,0.268317
孤山沉渊,每次进去都跳出来的是没有实名认证,null,6-2 18:54,"
",2,0.15016,0.617572,0.382428
瓜皮海星,雨我无瓜,null,5-31 08:41,"
",0,0.153876,0.380756,0.619244
何故不安生,全网都搞个未成年模式吧，省的天天查我们成年人的世界,null,5-31 00:32,"
",2,0.136224,0.611301,0.388699
果小果wy,当个成年人好累…………………,null,5-30 21:08,"
",0,0.128816,0.392033,0.607967
吴大拼,青少年有点惨，我是成年人,null,5-30 18:08,"
",0,0.227676,0.347546,0.652454
一条鱼cx,四十分钟不够看纪录片怎么办？,null,5-30 17:58,"
",0,0.852017,0.0665923,0.933408
小清新的鳄梨,推荐里的拉三！我爱拉三！,null,5-30 17:56,"
"
莫玄歌,下个旧版APP不就就解决了？,null,5-30 17:52,"
",0,0.552806,0.201237,0.798763
吾真乃废人也,我觉得我需要这个模式,null,5-30 17:07,"
",1,0.0654167,0.453271,0.546729
布那呢n55IW,？北理工,null,5-30 16:58,"
",0,0.0220043,0.440098,0.559902
红色青梨,微博也搞一个吧…我总是手痒想刷微博,null,5-30 16:43,"
",0,0.0542143,0.425604,0.574396
Justin-黄景,谁会自己给自己设置这种模式？,null,5-30 16:01,"
",0,0.408329,0.266252,0.733748
萌萌的杜丝,支持！这样就没有ikun污染视听了ｸﾞｯ!(๑•̀ㅂ•́)و✧,null,5-30 15:55,"
",2,0.377243,0.71976,0.280241
-点击查看主页-,我因为控制不住自己刷b站的手，前段时间已经卸载了,null,5-30 15:45,"
",2,0.0591282,0.576608,0.423392
蠢萌少女养成记,我的怎么没有？因为我好多年没更新了？还是因为我已经成年了？？,null,5-30 15:41,"
",0,0.703548,0.133404,0.866596
ShirleyMyyy,真是幸好老子成年了.,null,5-30 15:41,"
",0,0.621623,0.17027,0.82973
清新抹抹茶,管管孩子，救救B站，这样挺好的,null,5-30 15:41,"
",1,0.324439,0.533778,0.466222
几朝安,分级好呀,null,5-30 15:40,"
",2,0.18296,0.632332,0.367668
薛定鳄的鱼eem,现在哪个小孩没有手机，就初中的可能就有手机了，而他们的手机除非他们家长设置不然一般都是不可能用到这个功能的，那个小孩会给自己上个锁，(没有手机的孩子除外哈),null,5-30 15:36,"
",0,0.737075,0.118316,0.881684
NomNomKoala,感觉第二张截图没什么可以看的啊，像慕课软件的页面一样,null,5-30 15:33,"
",0,0.413855,0.263765,0.736235
Ada阿嗲,22点太早了吧 23点差不多 既然是放松还不让人家多放松一会儿 我初中之后几乎没在10点之前睡过 11点睡很正常 尤其是考完试了放松的时候肯定玩到很晚呀,null,5-30 15:20,"
",2,0.75939,0.891725,0.108274
十里寒塘路__,小孩子就要有小孩子的亚子，好耗毒树,null,5-30 15:17,"
",2,0.136433,0.611395,0.388605
怂却不是天然呆-倩妞,那个。。。有没有成人模式,null,5-30 15:02,"
",1,0.550634,0.477532,0.522468
吴呼er,@Mangata酱 哈哈哈哈哈哈哈哈笑死了,null,5-30 14:57,"
",2,0.208488,0.64382,0.35618
可歌可泣S可搁可弃,我一直非常喜欢b站，但是好些个喜欢的都活不太久这是为啥么,null,5-30 14:49,"
",2,0.448151,0.751668,0.248332
Hsi-Ling,我想知道怎么关闭，我打开过后找不到关闭的地方了,null,5-30 14:38,"
",0,0.714636,0.128414,0.871586
想不出来还能改名字吗,希望游戏也有这个功能就好了,null,5-30 14:33,"
",2,0.186846,0.634081,0.365919
JOY红丝绒,但是那个青年模式不是自己手动开启吗？？如果一个青年反叛不自觉开启 不是一样没用？？,null,5-30 14:15,"
",0,0.956128,0.0197422,0.980258
程程程程程家一位默默无闻的少女,如果这是为了给分级制度预热的话，我觉得OK,null,5-30 14:09,"
",2,0.0104891,0.55472,0.44528
你是个憨憨啊,这是儿童模式么,null,5-30 14:08,"
",0,0.0664519,0.420097,0.579903
苏苏sana,快分级吧 我想在b站看进击的巨人,null,5-30 13:57,"
",2,0.152844,0.61878,0.38122
金丝暮,忽然觉得自己也应该使用这个模式了,null,5-30 13:55,"
",0,0.164696,0.375887,0.624113
半夏微凉83943,怎么设置这个模式哟,null,5-30 13:48,"
",1,0.89658,0.505171,0.494829
顺风小白兔,思路是对的，关键要落地,null,5-30 13:41,"
",2,0.195564,0.638004,0.361996
蓝忘机的移动wifi,最好再来协议，父母验证码加同意确定，再管不好就是家长问题了（本来还想来个人脸识别解锁，然后感觉可能不太能实现）,null,5-30 13:39,"
",0,0.626782,0.167948,0.832052
bgfcshhbgt,关键是怎么设置啊？,null,5-30 13:33,"
",0,0.390285,0.274372,0.725628
IsDolores,这是分级的第一步，可以好好推广开。,null,5-30 13:31,"
",2,0.579142,0.810614,0.189386
一口獠牙的小缓缓,可以可以 赶紧分级,null,5-30 13:21,"
",2,0.665711,0.84957,0.15043
会做炒饭的小龙虾owo,支持分级！,null,5-30 13:21,"
",2,0.696177,0.86328,0.13672
柳絮-liuxu,还好成年了,null,5-30 13:19,"
",1,0.882255,0.505887,0.494113
木大木大木大I,我需要这个模式，每次打开首页一堆营销号内容。真想把动态页设成首页反正除了搜索，我只看关注的up主,null,5-30 13:15,"
",0,0.340812,0.296635,0.703365
慢一点feng,我太懒了，没有升级,null,5-30 13:09,"
",0,0.667386,0.149676,0.850324
权妖孽0000,那怎么知道是不是青少年呢？,null,5-30 13:08,"
",0,0.555766,0.199905,0.800095
隔壁老朴,本成年人觉得🉑️,null,5-30 13:07,"
",2,0.0718277,0.582322,0.417677
青春被喵吃了,b站强烈的求生欲～这样很好,null,5-30 13:06,"
",2,0.0439341,0.56977,0.43023
beaTuTt,鸡笼警告//@不想走出824平米的舒适区: 期待成人模式,null,5-30 13:04,"
",2,0.429558,0.743301,0.256699
新年需要一个吉祥如意的好名字,我已经成年很久了，期待成年人模式,null,5-30 13:00,"
",2,0.410079,0.734536,0.265464
Non2CathyKX,微博能有个青少年模式吗？,null,5-30 13:00,"
",0,0.502281,0.223974,0.776026
一只可爱的戳鹅,我手机每个软件都设置了时间限制，然而并没啥用时间到了输入密码啥都解决了,null,5-30 12:59,"
",0,0.206491,0.357079,0.642921
人可风一,分级是好事，可以搞成成年人模式比较好,null,5-30 12:59,"
",2,0.302531,0.686139,0.313861
羊只一是一只羊,幸好我成年了,null,5-30 12:58,"
",0,0.159462,0.378242,0.621758
于不饿,我突然想起我还有我前男友的B站账号，那不如,null,5-30 12:58,"
",0,0.603344,0.178495,0.821505
前安卓发烧友的微博,说回大清的 Netflix YouTube都有儿童模式……,null,5-30 12:57,"
",1,0.377887,0.468894,0.531106
清风畫朝夕,挺好的，家长们该行动了,null,5-30 12:57,"
",2,0.635265,0.835869,0.164131
Biubiu甜宅茶,哦豁,null,5-30 12:57,"
",2,0.369382,0.716222,0.283778
啵崽羔,分级！棒,null,5-30 12:57,"
",2,0.728361,0.877762,0.122238
仙砚,这怕是儿童模式,null,5-30 12:56,"
",1,0.848648,0.492432,0.507568
DJ5tar_Official,分级挺好,null,5-30 12:53,"
",2,0.529768,0.788396,0.211604
C陈渝川,我觉得OK,null,5-30 12:52,"
",2,0.190099,0.635545,0.364455
萧峰的酒,有了分级制度，又说梦回大清，真的是服了,null,5-30 12:52,"
",0,0.513159,0.219078,0.780922
妳的女孩是苏玖么,这个好,null,5-30 12:51,"
",2,0.36489,0.7142,0.2858
凱莉-u-,@Youth_zx,null,5-30 12:51,"
",1,0.398663,0.530067,0.469933
小艾skey,分级可以可是中国动漫分级和没分级没区别啊都是那么幼稚,null,5-30 12:47,"
",1,0.709574,0.485479,0.514521
Burpger,wtf,null,5-30 12:45,"
",1,0.259992,0.537,0.463
清浅1226,这个模式需要大人把自己手机设个这个模式拿给娃儿，要么把娃儿手机设个这个模式，,null,5-30 12:44,"
",1,0.729948,0.486497,0.513503
一个大山修炼千年的tomato,17岁的我,null,5-30 12:43,"
",2,0.0113734,0.555118,0.444882
荒亚,看过青少年模式的表示，这不是青少年这分明是儿童模式,null,5-30 12:41,"
",0,0.636627,0.163518,0.836482
Bastard嘉,只有未成年的才进这个模式吧,null,5-30 12:41,"
",0,0.489177,0.22987,0.77013
佛系沙雕已飞升,只有成年人有广告吗？,null,5-30 12:38,"
",0,0.667251,0.149737,0.850263
CR772016,我想要成人模式，我都成年了,null,5-30 12:36,"
",2,0.264393,0.668977,0.331023
蜜瓜快跑,爱奇艺也推了青少年模式,null,5-30 12:35,"
",2,0.0368812,0.566597,0.433404
怂怂的腐地,支持,null,5-30 12:32,"
",2,0.589711,0.81537,0.18463
柠檬精米粥Sama,那asmr能回来了？,null,5-30 12:31,"
",0,0.302105,0.314053,0.685947
霸都oc,自主选择的，某些人能睁着眼看吗，是不是傻啊,null,5-30 12:31,"
",0,0.00423604,0.448094,0.551906
骨头欧气满满丫,分级赛高！！！,null,5-30 12:30,"
",1,0.87052,0.506474,0.493526
白雨沐-果然全世界都爱黄少天,你们要的分级制度,null,5-30 12:29,"
",1,0.543762,0.477188,0.522812
7012初心,可以，支持,null,5-30 12:27,"
",2,0.775819,0.899118,0.100882
Mon_Monica,我觉得分级制度真的特别好。希望其他软件也可以实行。,null,5-30 12:26,"
",2,0.614469,0.826511,0.173489
桃始华惊蛰,太迟了哈哈哈哈哈哈哈哈想想现在看b站的分别是秋名山车神00前和元气满满的00后，怎么遭得住啊哈哈哈哈哈哈哈哈,null,5-30 12:26,"
",2,0.973105,0.987897,0.0121029
一枚优雅的关东汉子,求生欲真的很强hhh,null,5-30 12:25,"
",2,0.330315,0.698642,0.301358
嵩山初见琴v,很棒啊！,null,5-30 12:24,"
",2,0.945565,0.975504,0.0244959
夢想家黎小贝,听起来对我早睡很有帮助，我觉得OK,null,5-30 12:24,"
",2,0.786316,0.903842,0.096158
藉草携壶,靠企业来做这个不现实，，，,null,5-30 12:22,"
",0,0.552207,0.201507,0.798493
汀雪雪,这。。青少年不会自己主动去点那个模式吧,null,5-30 12:22,"
",0,0.386137,0.276239,0.723761
KillingCPA,我能期待个成年人模式吗,null,5-30 12:21,"
",1,0.821523,0.491076,0.508924
超大个大金鱼,我觉得挺好，但是会员购没了就很懵老公还没出货,null,5-30 12:21,"
",2,0.242307,0.659038,0.340962
一簌风-,b站是真的严格,null,5-30 12:20,"
",1,0.550346,0.477517,0.522483
可甜可盐小丸子-,怎样关闭呢………………,null,5-30 12:17,"
",0,0.666886,0.149901,0.850099
mu懒懒,蛮好，支持,null,5-30 12:17,"
",2,0.861072,0.937482,0.0625178
koreyoshi婳,要不强制控制一下成年人呗熬夜真的掉好多好多好多的头发 (自觉戒动漫太难了),null,5-30 12:17,"
",2,0.45914,0.756613,0.243387
小小宇和胖胖杜毛毛,未成年人就得呈现特定教育类内容？有毛病么,null,5-30 12:16,"
",0,0.117624,0.397069,0.602931
-予我长安-,希望家长能管好自己家的孩子救救成年人,null,5-30 12:15,"
",1,0.899822,0.494991,0.505009
T某某的小号,看来各个app的分级不远了,null,5-30 12:15,"
",0,0.238052,0.342876,0.657124
我的初心路L,本成年人想要成人模式,null,5-30 12:15,"
",2,0.137442,0.611849,0.388151
苞米地里的蒙面侠,虽然我成年了，但是青少年模式很适合我，爱了爱了,null,5-30 12:15,"
",2,0.563446,0.803551,0.196449
吃不够的叉烧肉,怀念以前，来个R18模式吧,null,5-30 12:14,"
",1,0.212156,0.460608,0.539392
故事里的那朵小黄花_,未满18岁一律按幼儿园处理,null,5-30 12:14,"
",0,0.123123,0.394595,0.605406
皈糖,或许可以有成人模式……？LV多少能开的那种也行,null,5-30 12:14,"
",2,0.379442,0.720749,0.279251
山西黑豹在江湖77284,橙人模式,null,5-30 12:14,"
",2,0.109755,0.59939,0.40061
等风的cat,分级多好，省的老是为了未成年限制我们成年人,null,5-30 12:14,"
",2,0.00636167,0.552863,0.447137
灰色的食铁兽,呵呵，做个样子给监管部门看,null,5-30 12:14,"
",2,0.240779,0.65835,0.34165
这是一个微博上的网名,预示着哲♂学要文艺复兴了吗,null,5-30 12:14,"1
",0,0.129007,0.391947,0.608053
堂本家的绿豆,已经帮我自己锁了,null,5-30 12:13,"
",2,0.0112975,0.555084,0.444916
佛系荞麦皮,很好呀，希望越来越健全，不要什么都一刀切,null,5-30 12:13,"
",2,0.6652,0.84934,0.15066
颜亚伦Araon,我就得可以,null,5-30 12:13,"
",2,0.261496,0.667673,0.332327
番薯配牛奶,挺好的，家长再进行配合监督，学校加强手机管理，总归不会再甩锅给小破站了吧,null,5-30 12:13,"
",0,0.373527,0.281913,0.718087
爱吐口水的口水君,挺好的，分级嘛,null,5-30 12:12,"
",2,0.688535,0.859841,0.140159
熊猫之靖靖,很OK！,null,5-30 12:12,"
",2,0.703515,0.866582,0.133418
大宾大宾大,又不止小破站,null,5-30 12:11,"
",0,0.438895,0.252497,0.747503
梁南瓜呀,我觉得很叭错,null,5-30 12:11,"
",2,0.406029,0.732713,0.267287
许诺少年以光荣和爱情,小破站特别好,null,5-30 12:11,"
",1,0.885563,0.494278,0.505722
lu_糖,我觉得可以！不是我就行,null,5-30 12:11,"
",1,0.332739,0.533363,0.466637
沅大侠,期待成人模式！,null,5-30 12:11,"
",2,0.339037,0.702567,0.297433
0o雪色枫林o0,终于有文化内容分级的苗头了 真的挺好的！,null,5-30 12:11,"
",2,0.564252,0.803913,0.196087
MelbourneMemory,鸡你太美,null,5-30 12:11,"
",0,0.146561,0.384048,0.615952
4444x_要开心呀,还好我刚成年,null,5-30 12:10,"
",1,0.687129,0.484356,0.515644
Vidahermosa,我怎么觉得我比较适合这个模式,null,5-30 12:10,"
",1,0.5065,0.524675,0.475325
小柚子and叶猫子,我要开,null,5-30 12:10,"
",1,0.876477,0.506176,0.493824
一鸣Vvi,果然！恭喜！！！！！恭喜分级！！！！,null,5-30 12:10,"
",2,0.204922,0.642215,0.357785
仙女本仙ssss,早该如此了,null,5-30 12:08,"
",0,0.229503,0.346723,0.653276
胡红楼梦,这样挺好,null,5-30 12:07,"
",2,0.24451,0.660029,0.339971
学号34_,这个是自己设置的，有需要的就用,null,5-30 12:07,"
",2,0.215453,0.646954,0.353046
不太甜的白糖,可是我每天活跃时间就是十点之后啊,null,5-30 20:55,"
",2,0.255281,0.664876,0.335124
陈拭非,很遗憾我无法享用此模式,null,5-30 12:40,"
",0,0.44081,0.251635,0.748365
不酿的酒,那啥玩意，我比较关心弹幕啥时候回来,null,7小时前,"
",2,0.108496,0.598823,0.401177
云衣梨花,17岁。。。。,null,6-3 19:14,"
",0,0.0817682,0.413204,0.586796
AnnN_tonia,算不算某种意义上的分级？？？我觉得🉑️,null,5-30 15:42,"
",0,0.221449,0.350348,0.649652
幸福美满健康,那不错。这样可以给我家娃娃看看了,null,5-30 15:35,"
",2,0.708585,0.868863,0.131137
阿卡姆电疗室助理医生,这个我支持,null,5-30 14:45,"
",2,0.501417,0.775638,0.224362
逍遥王弑杀,那是不是就可以上线一点成人该看的东西了,null,5-30 14:34,"
",0,0.149346,0.382794,0.617206
怨妇A,B站未成年人模式上了热搜，大家都在夸奖，并把这件事跟分级制度扯上了钩，我去b站试了一下看看，真他妈狗屎，正常的内容全部都看不了，可能未成年人不配上网别扯什么分级制度，这算个屁分级，这叫不把未成年人当人看#B站推出青少年模式#,null,5-30 13:50,"
",0,0.909757,0.0406095,0.959391
翙翙奇羽,疑车无据,null,5-30 12:57,"
",2,0.041095,0.568493,0.431507
这是一个小号呀呀2018,想给自己设置一下,null,5-30 12:56,"
",1,0.906042,0.504698,0.495302
AcFun猫仔队,A站也推出了。。。你们要不要提一下。。。,null,5-30 12:55,"
",0,0.127679,0.392544,0.607456
lingyunxciaofeng,感觉没什么用。。。就如同身份证验证一样形同虚设,null,5-30 12:39,"
",0,0.637714,0.163029,0.836971
Plutoiiiii,?,null,5-30 12:20,"
",0,0.110111,0.40045,0.59955
是只小兔几6506957838,第一次感觉长大了真好,null,5-30 12:14,"
",2,0.625925,0.831666,0.168334
二次元三个点,有没有成年人模式和儿童模式,null,5-30 12:14,"
",2,0.169368,0.626215,0.373785
资源随时间飘逝,你想要的翻我全都有,null,5-30 12:14,"
",0,0.154593,0.380433,0.619567
亲我一下吧嘤,@零陆壹陆- 哈哈哈哈哈哈卧槽,null,5-31 11:50,"
",2,0.387239,0.724258,0.275742
Azura-aa,@水流影在yg 你需要,null,5-30 23:03,"
",0,0.105895,0.402347,0.597653
Reachl_W,@坂本sama,null,5-30 15:31,"
",1,0.45093,0.472546,0.527454
阿烦的倒草倒掉稻,那成人模式呢,null,5-30 14:42,"
",2,0.079046,0.585571,0.414429
鬼间水蜜桃,这是要分级吗 那成年人可以看到正常内容吗,null,5-30 13:44,"
",0,0.385451,0.276547,0.723453
我很凶都别理我,@皮皮喵的大狼狗 我觉得可以,共3条回复,5-30 13:41,"
",2,0.412869,0.735791,0.264209
EAGLE来自一棵树,开始分级不好吗？保护一下成年人吧,null,5-30 13:14,"1
",0,0.59084,0.184122,0.815878
不混世的曾阿姨,@要多补充维生素 ………,null,5-30 13:14,"
",0,0.165376,0.375581,0.624419
天外两三点雨,,null,5-30 13:10,"
"
陪小肥抓娃娃,我觉得可！,null,5-30 13:06,"
",1,0.119764,0.544012,0.455988
古巷6,@l略略略ll,null,5-30 13:06,"
",1,0.794053,0.510297,0.489703
霍文库0624,@七咟,null,5-30 13:03,"
",1,0.82649,0.508676,0.491324
likeawildcat,@姜彦晨,null,5-30 12:53,"
",1,0.398663,0.530067,0.469933
Aries四月,你以为那些青少年会乖乖的点进去那,null,5-30 12:52,"
",0,0.143061,0.385622,0.614378
小瓶可乐啊哈,@听说昵称一年一改,null,5-30 12:50,"
",0,0.0196342,0.441165,0.558835
xiaofuzilq,挺好的 早睡早起身体好,null,5-30 12:47,"
",2,0.87615,0.944267,0.0557326
喜欢你的心意不输给任何人,顽强的求生欲啊哈哈哈哈,null,5-30 12:36,"
",2,0.375709,0.719069,0.280931
卡兔小怪兽,可关键家长都不知道B站……建议B站强制身份认证，不认证或者不到年龄的强制开青少年模式,null,5-30 12:33,"
",0,0.628188,0.167315,0.832685
圣墓山的沙,如果制度完善的话那真的很不错,null,5-30 12:33,"
",2,0.565684,0.804558,0.195442
Krystallar,@欢天喜地张小曜,null,5-30 12:32,"
",1,0.494746,0.525263,0.474737
机灵的小天使,@机灵的小天使：哈哈哈哈哈哈哈哈哈哈哈哈让秀丽同学出来接受制裁吧！！！！@JessyWANG夹心,null,5-30 12:27,"
",2,0.563331,0.803499,0.196501
骑着母猪去兜风zx,@deku干巴爹 🌚🌚🌚,null,5-30 12:26,"
",1,0.475805,0.52621,0.47379
夜醉残花丶,建议b站也关爱关爱成年人，推出青少年模式后也要推出新模式，时间于凌晨至早5时使用，这个时间段是贤者和修仙的时间，我们就称它为贤者模式吧,null,5-30 12:25,"
",2,0.594972,0.817738,0.182262
夏阳的夏,@这个是名字么 来，爸爸帮你开一个吧,null,5-30 12:24,"
",1,0.543945,0.522803,0.477197
空空空空烬,要不我开了你给我设置密码@不知岁月荏苒 //@来碗橘子茶:虽然我不是青少年但是听起来对我早睡很有帮助,null,5-30 12:24,"
",2,0.489574,0.770308,0.229692
繁花如雨落尘埃,吓得我以为都改了,null,5-30 12:23,"
",0,0.0903826,0.409328,0.590672
水果吃不起的秃头女,@山林里的果 啥意思 晚上不能看了？？？,null,5-30 12:22,"
",0,0.803798,0.0882909,0.911709
前辈不是好前辈,啥时候整个成人模式,null,5-30 12:21,"
",1,0.726618,0.486331,0.513669
黄巨人,作为一个成年人感觉青少年模式挺好的,null,5-30 12:16,"1
",2,0.476826,0.764572,0.235428
言寺音芸,能不能也把成人模式搞一搞呢,null,5-30 12:14,"
",0,0.140338,0.386848,0.613152
恨番茄的小草莓,期待成年人模式，期待分级制度，期待好的动漫,null,5-30 12:14,"
",2,0.837287,0.926779,0.0732211
糖门豆豆,可以，但这不该叫青少年模式，该叫儿童模式吧,null,5-30 12:13,"
",0,0.48394,0.232227,0.767773
辣椒luv起司,@起司luv辣椒 哇好不错,null,5-30 12:12,"
",2,0.176245,0.62931,0.37069
_-Esther,完全OK👌🏻,null,5-30 12:12,"
",1,0.945079,0.502746,0.497254
Suyezy,@冷酷特价机票,null,5-30 12:11,"
",1,0.750052,0.512497,0.487503
-平日快乐-,挺好的,null,5-30 12:11,"
",2,0.722053,0.874924,0.125076
年六七七,“梦回大清”？？梦回个鬼的大清啊 难道分级不好吗？动不动就“梦回大清”烦死了,共41条回复,5-30 12:09,"1360
",0,0.863565,0.0613959,0.938604
辣炒小鲜肉,真，b站学知识,null,5-30 12:08,"
",1,0.95977,0.502011,0.497989
九七廿八日,以此类推说明还是有能力搞分级制度的嘛……,null,5-30 12:07,"
",0,0.373895,0.281747,0.718253
人间小丧仙sloren,@让悲伤停留在过去 怎么没有chengren模式，，，,null,5-30 12:06,"1
",0,0.400322,0.269855,0.730145
九个可爱多-,会有成人模式吗,null,5-30 12:06,"1
",1,0.755781,0.512211,0.487789
加貝鯨,微博也有了,null,5-30 12:05,"
",2,0.0273036,0.562287,0.437713
不想走出824平米的舒适区,期待成人模式,共46条回复,5-30 12:04,2414,2,0.24859,0.661866,0.338134
